org_name,ein,year,pdf_url
African Cultural Alliance of North America,233062024,2024,https://projects.propublica.org/nonprofits/download-filing?path=IRS%2F233062024_202408_990_2025082223670368.pdf
African Cultural Alliance of North America,233062024,2023,https://projects.propublica.org/nonprofits/download-filing?path=IRS%2F233062024_202308_990_2024120622933642.pdf
African Cultural Alliance of North America,233062024,2022,https://projects.propublica.org/nonprofits/download-filing?path=download990pdf_11_2023_prefixes_22-23%2F233062024_202208_990_2023110221848833.pdf
African Cultural Alliance of North America,233062024,2021,https://projects.propublica.org/nonprofits/download-filing?path=IRS%2F233062024_202108_990_2022080320269193.pdf
African Cultural Alliance of North America,233062024,2020,https://projects.propublica.org/nonprofits/download-filing?path=IRS%2F233062024_202008_990_2021082718787611.pdf
African Cultural Alliance of North America,233062024,2019,https://projects.propublica.org/nonprofits/download-filing?path=11_2020_prefixes_16-23%2F233062024_201908_990_2020111017418788.pdf
African Cultural Alliance of North America,233062024,2018,https://projects.propublica.org/nonprofits/download-filing?path=04_2019_prefixes_23-26%2F233062024_201808_990_2019042516243009.pdf
African Cultural Alliance of North America,233062024,2017,https://projects.propublica.org/nonprofits/download-filing?path=08_2018_prefixes_22-23%2F233062024_201708_990_2018082215609951.pdf
African Cultural Alliance of North America,233062024,2016,https://projects.propublica.org/nonprofits/download-filing?path=IRS%2F233062024_201608_990_2017100614815103.pdf
African Cultural Alliance of North America,233062024,2015,https://projects.propublica.org/nonprofits/download-filing?path=2016_08_EO%2F23-3062024_990_201508.pdf
African Cultural Alliance of North America,233062024,2014,https://projects.propublica.org/nonprofits/download-filing?path=2015_08_EO%2F23-3062024_990_201408.pdf
African Cultural Alliance of North America,233062024,2013,https://projects.propublica.org/nonprofits/download-filing?path=2014_05_EO%2F23-3062024_990EZ_201308.pdf
African Cultural Alliance of North America,233062024,2012,https://projects.propublica.org/nonprofits/download-filing?path=2013_07_EO%2F23-3062024_990EZ_201208.pdf
African Cultural Alliance of North America,233062024,2011,https://projects.propublica.org/nonprofits/download-filing?path=2012_06_EO%2F23-3062024_990EZ_201108.pdf
African Cultural Alliance of North America,233062024,2010,https://projects.propublica.org/nonprofits/download-filing?path=2011_08_EO%2F23-3062024_990EZ_201008.pdf
African Cultural Alliance of North America,233062024,2009,https://projects.propublica.org/nonprofits/download-filing?path=2010_05_EO%2F23-3062024_990EZ_200908.pdf
African Cultural Alliance of North America,233062024,2008,https://projects.propublica.org/nonprofits/download-filing?path=2009_04_EO%2F23-3062024_990O_200812.pdf
African Cultural Alliance of North America,233062024,2007,https://projects.propublica.org/nonprofits/download-filing?path=2008_03_EO%2F23-3062024_990O_200708.pdf
African Cultural Alliance of North America,233062024,2003,https://projects.propublica.org/nonprofits/download-filing?path=2004_08_EO%2F23-3062024_990ER_200308.pdf
Arab-American CDC,311620684,2022,https://projects.propublica.org/nonprofits/download-filing?path=download990pdf_10_2023_prefixes_30-33%2F311620684_202212_990EZ_2023101721715799.pdf
Arab-American CDC,311620684,2021,https://projects.propublica.org/nonprofits/download-filing?path=IRS%2F311620684_202112_990EZ_2023020220888570.pdf
Arab-American CDC,311620684,2019,https://projects.propublica.org/nonprofits/download-filing?path=10_2020_prefixes_31-34%2F311620684_201912_990EZ_2020101617383168.pdf
Arab-American CDC,311620684,2018,https://projects.propublica.org/nonprofits/download-filing?path=10_2019_prefixes_31-34%2F311620684_201812_990EZ_2019101816758980.pdf
Arab-American CDC,311620684,2017,https://projects.propublica.org/nonprofits/download-filing?path=10_2018_prefixes_27-31%2F311620684_201712_990EZ_2018100215756555.pdf
Arab-American CDC,311620684,2016,https://projects.propublica.org/nonprofits/download-filing?path=IRS%2F311620684_201612_990EZ_2017101814856824.pdf
Arab-American CDC,311620684,2015,https://projects.propublica.org/nonprofits/download-filing?path=IRS%2F311620684_201512_990EZ_2017071214562363.pdf
Arab-American CDC,311620684,2014,https://projects.propublica.org/nonprofits/download-filing?path=2015_09_EO%2F31-1620684_990EZ_201412.pdf
Arab-American CDC,311620684,2013,https://projects.propublica.org/nonprofits/download-filing?path=2014_10_EO%2F31-1620684_990EZ_201312.pdf
Arab-American CDC,311620684,2012,https://projects.propublica.org/nonprofits/download-filing?path=2013_07_EO%2F31-1620684_990EZ_201212.pdf
Arab-American CDC,311620684,2011,https://projects.propublica.org/nonprofits/download-filing?path=2012_11_EO%2F31-1620684_990EZ_201112.pdf
Arab-American CDC,311620684,2010,https://projects.propublica.org/nonprofits/download-filing?path=2011_10_EO%2F31-1620684_990_201012.pdf
Arab-American CDC,311620684,2009,https://projects.propublica.org/nonprofits/download-filing?path=2011_02_EO%2F31-1620684_990_200912.pdf
Arab-American CDC,311620684,2008,https://projects.propublica.org/nonprofits/download-filing?path=2009_07_EO%2F31-1620684_990_200812.pdf
Arab-American CDC,311620684,2007,https://projects.propublica.org/nonprofits/download-filing?path=2009_01_EO%2F31-1620684_990_200712.pdf
Arab-American CDC,311620684,2006,https://projects.propublica.org/nonprofits/download-filing?path=2007_09_EO%2F31-1620684_990_200612.pdf
Arab-American CDC,311620684,2005,https://projects.propublica.org/nonprofits/download-filing?path=2006_09_EO%2F31-1620684_990_200512.pdf
Arab-American CDC,311620684,2004,https://projects.propublica.org/nonprofits/download-filing?path=2005_09_EO%2F31-1620684_990_200412.pdf
Arab-American CDC,311620684,2003,https://projects.propublica.org/nonprofits/download-filing?path=2004_08_EO%2F31-1620684_990_200312.pdf
Arab-American CDC,311620684,2002,https://projects.propublica.org/nonprofits/download-filing?path=2003_08_EO%2F31-1620684_990_200212.pdf
Arab-American CDC,311620684,2001,https://projects.propublica.org/nonprofits/download-filing?path=2002_09_EO%2F31-1620684_990_200112.pdf
Asociación Puertorriqueños en Marcha (APM),231930630,2023,https://projects.propublica.org/nonprofits/download-filing?path=download990pdf_05_2024_prefixes_20-23%2F231930630_202306_990_2024051722391317.pdf
Asociación Puertorriqueños en Marcha (APM),231930630,2022,https://projects.propublica.org/nonprofits/download-filing?path=IRS%2F231930630_202206_990_2023060721396815.pdf
Asociación Puertorriqueños en Marcha (APM),231930630,2021,https://projects.propublica.org/nonprofits/download-filing?path=IRS%2F231930630_202106_990_2022052520142899.pdf
Asociación Puertorriqueños en Marcha (APM),231930630,2020,https://projects.propublica.org/nonprofits/download-filing?path=05_2021_prefixes_22-23%2F231930630_202006_990_2021051818122011.pdf
Asociación Puertorriqueños en Marcha (APM),231930630,2019,https://projects.propublica.org/nonprofits/download-filing?path=08_2020_prefixes_20-23%2F231930630_201906_990_2020082017247606.pdf
Asociación Puertorriqueños en Marcha (APM),231930630,2018,https://projects.propublica.org/nonprofits/download-filing?path=11_2019_prefixes_22-23%2F231930630_201806_990_2019110816831231.pdf
Asociación Puertorriqueños en Marcha (APM),231930630,2017,https://projects.propublica.org/nonprofits/download-filing?path=05_2018_prefixes_20-23%2F231930630_201706_990_2018052115326152.pdf
Asociación Puertorriqueños en Marcha (APM),231930630,2016,https://projects.propublica.org/nonprofits/download-filing?path=IRS%2F231930630_201606_990_2017081714654439.pdf
Asociación Puertorriqueños en Marcha (APM),231930630,2015,https://projects.propublica.org/nonprofits/download-filing?path=2016_07_EO%2F23-1930630_990_201506.pdf
Asociación Puertorriqueños en Marcha (APM),231930630,2014,https://projects.propublica.org/nonprofits/download-filing?path=2015_03_EO%2F23-1930630_990_201406.pdf
Asociación Puertorriqueños en Marcha (APM),231930630,2013,https://projects.propublica.org/nonprofits/download-filing?path=2014_05_EO%2F23-1930630_990_201306.pdf
Asociación Puertorriqueños en Marcha (APM),231930630,2012,https://projects.propublica.org/nonprofits/download-filing?path=2013_05_EO%2F23-1930630_990_201206.pdf
Asociación Puertorriqueños en Marcha (APM),231930630,2011,https://projects.propublica.org/nonprofits/download-filing?path=2012_06_EO%2F23-1930630_990_201106.pdf
Asociación Puertorriqueños en Marcha (APM),231930630,2010,https://projects.propublica.org/nonprofits/download-filing?path=2011_06_EO%2F23-1930630_990_201006.pdf
Asociación Puertorriqueños en Marcha (APM),231930630,2009,https://projects.propublica.org/nonprofits/download-filing?path=2010_06_EO%2F23-1930630_990_200906.pdf
Asociación Puertorriqueños en Marcha (APM),231930630,2008,https://projects.propublica.org/nonprofits/download-filing?path=2009_10_EO%2F23-1930630_990_200806.pdf
Asociación Puertorriqueños en Marcha (APM),231930630,2007,https://projects.propublica.org/nonprofits/download-filing?path=2008_06_EO%2F23-1930630_990_200706.pdf
Asociación Puertorriqueños en Marcha (APM),231930630,2006,https://projects.propublica.org/nonprofits/download-filing?path=2008_05_EO%2F23-1930630_990_200606.pdf
Asociación Puertorriqueños en Marcha (APM),231930630,2005,https://projects.propublica.org/nonprofits/download-filing?path=2006_07_EO%2F23-1930630_990_200506.pdf
Asociación Puertorriqueños en Marcha (APM),231930630,2004,https://projects.propublica.org/nonprofits/download-filing?path=2005_11_EO%2F23-1930630_990_200406.pdf
Asociación Puertorriqueños en Marcha (APM),231930630,2003,https://projects.propublica.org/nonprofits/download-filing?path=2004_01_EO%2F23-1930630_990_200306.pdf
Asociación Puertorriqueños en Marcha (APM),231930630,2002,https://projects.propublica.org/nonprofits/download-filing?path=2003_02_EO%2F23-1930630_990_200206.pdf
Asociación Puertorriqueños en Marcha (APM),231930630,2001,https://projects.propublica.org/nonprofits/download-filing?path=2002_02_EO%2F23-1930630_990_200106.pdf
Beech Interplex,521693162,2022,https://projects.propublica.org/nonprofits/download-filing?path=download990pdf_01_2024_prefixes_52-54%2F521693162_202212_990_2024011022213021.pdf
Beech Interplex,521693162,2021,https://projects.propublica.org/nonprofits/download-filing?path=IRS%2F521693162_202112_990_2023051021197831.pdf
Beech Interplex,521693162,2020,https://projects.propublica.org/nonprofits/download-filing?path=download990pdf_10_2022_prefixes_51-56%2F521693162_202012_990_2022102620563372.pdf
Beech Interplex,521693162,2019,https://projects.propublica.org/nonprofits/download-filing?path=03_2021_prefixes_52-57%2F521693162_201912_990_2021030217782109.pdf
Beech Interplex,521693162,2018,https://projects.propublica.org/nonprofits/download-filing?path=12_2019_prefixes_48-54%2F521693162_201812_990_2019122616976634.pdf
Beech Interplex,521693162,2017,https://projects.propublica.org/nonprofits/download-filing?path=03_2019_prefixes_51-56%2F521693162_201712_990_2019030416140748.pdf
Beech Interplex,521693162,2016,https://projects.propublica.org/nonprofits/download-filing?path=01_2018_prefixes_52-54%2F521693162_201612_990_2018010315074483.pdf
Beech Interplex,521693162,2015,https://projects.propublica.org/nonprofits/download-filing?path=2017_03_EO%2F52-1693162_990_201512.pdf
Beech Interplex,521693162,2014,https://projects.propublica.org/nonprofits/download-filing?path=2016_01_EO%2F13-136482_19121_521693162.pdf
Beech Interplex,521693162,2013,https://projects.propublica.org/nonprofits/download-filing?path=2014_12_EO%2F52-1693162_990_201312.pdf
Beech Interplex,521693162,2012,https://projects.propublica.org/nonprofits/download-filing?path=2013_12_EO%2F52-1693162_990_201212.pdf
Beech Interplex,521693162,2011,https://projects.propublica.org/nonprofits/download-filing?path=2012_12_EO%2F52-1693162_990_201112.pdf
Beech Interplex,521693162,2010,https://projects.propublica.org/nonprofits/download-filing?path=2011_12_EO%2F52-1693162_990_201012.pdf
Beech Interplex,521693162,2009,https://projects.propublica.org/nonprofits/download-filing?path=2010_10_EO%2F52-1693162_990_200912.pdf
Beech Interplex,521693162,2008,https://projects.propublica.org/nonprofits/download-filing?path=2009_12_EO%2F52-1693162_990_200812.pdf
Beech Interplex,521693162,2007,https://projects.propublica.org/nonprofits/download-filing?path=2009_01_EO%2F52-1693162_990_200712.pdf
Beech Interplex,521693162,2006,https://projects.propublica.org/nonprofits/download-filing?path=2007_12_EO%2F52-1693162_990_200612.pdf
Beech Interplex,521693162,2005,https://projects.propublica.org/nonprofits/download-filing?path=2006_08_EO%2F52-1693162_990_200512.pdf
Beech Interplex,521693162,2004,https://projects.propublica.org/nonprofits/download-filing?path=2005_10_EO%2F52-1693162_990_200412.pdf
Beech Interplex,521693162,2003,https://projects.propublica.org/nonprofits/download-filing?path=2004_08_EO%2F52-1693162_990_200312.pdf
Beech Interplex,521693162,2002,https://projects.propublica.org/nonprofits/download-filing?path=2003_05_EO%2F52-1693162_990_200212.pdf
Beech Interplex,521693162,2001,https://projects.propublica.org/nonprofits/download-filing?path=2002_07_EO%2F52-1693162_990_200112.pdf
Called To Serve CDC,464404323,2022,https://projects.propublica.org/nonprofits/download-filing?path=download990pdf_01_2024_prefixes_46-46%2F464404323_202212_990_2024010522190046.pdf
Called To Serve CDC,464404323,2021,https://projects.propublica.org/nonprofits/download-filing?path=IRS%2F464404323_202112_990_2023011020750121.pdf
Called To Serve CDC,464404323,2020,https://projects.propublica.org/nonprofits/download-filing?path=download990pdf_10_2022_prefixes_46-47%2F464404323_202012_990_2022102520555179.pdf
Called To Serve CDC,464404323,2018,https://projects.propublica.org/nonprofits/download-filing?path=10_2019_prefixes_46-47%2F464404323_201812_990EZ_2019102516781050.pdf
Called To Serve CDC,464404323,2017,https://projects.propublica.org/nonprofits/download-filing?path=10_2018_prefixes_46-47%2F464404323_201712_990EZ_2018103115853988.pdf
Called To Serve CDC,464404323,2016,https://projects.propublica.org/nonprofits/download-filing?path=IRS%2F464404323_201612_990EZ_2017100214793123.pdf
Called To Serve CDC,464404323,2015,https://projects.propublica.org/nonprofits/download-filing?path=2016_10_EO%2F46-4404323_990EZ_201512.pdf
Called To Serve CDC,464404323,2014,https://projects.propublica.org/nonprofits/download-filing?path=2015_08_EO%2F46-4404323_990EZ_201412.pdf
Centennial Parkside CDC,474815728,2021,https://projects.propublica.org/nonprofits/download-filing?path=IRS%2F474815728_202112_990_2023030321023608.pdf
Centennial Parkside CDC,474815728,2019,https://projects.propublica.org/nonprofits/download-filing?path=02_2021_prefixes_47-47%2F474815728_201912_990_2021021817718203.pdf
Centennial Parkside CDC,474815728,2018,https://projects.propublica.org/nonprofits/download-filing?path=07_2019_prefixes_46-51%2F474815728_201812_990_2019072616526863.pdf
Centennial Parkside CDC,474815728,2017,https://projects.propublica.org/nonprofits/download-filing?path=IRS%2F474815728_201712_990_2018062115459739.pdf
Centennial Parkside CDC,474815728,2016,https://projects.propublica.org/nonprofits/download-filing?path=2017_04_EO%2F47-4815728_990_201612.pdf
Chestnut Hill CDC,274673757,2023,https://projects.propublica.org/nonprofits/download-filing?path=download990pdf_03_2024_prefixes_20-27%2F274673757_202305_990EZ_2024030522307415.pdf
Chestnut Hill CDC,274673757,2022,https://projects.propublica.org/nonprofits/download-filing?path=IRS%2F274673757_202205_990EZ_2023060521369135.pdf
Chestnut Hill CDC,274673757,2021,https://projects.propublica.org/nonprofits/download-filing?path=IRS%2F274673757_202105_990EZ_2022042819999151.pdf
Chestnut Hill CDC,274673757,2019,https://projects.propublica.org/nonprofits/download-filing?path=08_2020_prefixes_27-34%2F274673757_201905_990EZ_2020082017248179.pdf
Chestnut Hill CDC,274673757,2018,https://projects.propublica.org/nonprofits/download-filing?path=05_2019_prefixes_27-31%2F274673757_201805_990_2019051016286394.pdf
Chestnut Hill CDC,274673757,2017,https://projects.propublica.org/nonprofits/download-filing?path=04_2018_prefixes_27-35%2F274673757_201705_990EZ_2018042715275490.pdf
Chestnut Hill CDC,274673757,2016,https://projects.propublica.org/nonprofits/download-filing?path=IRS%2F274673757_201605_990EZ_2017082314668979.pdf
Chestnut Hill CDC,274673757,2015,https://projects.propublica.org/nonprofits/download-filing?path=2016_07_EO%2F27-4673757_990EZ_201505.pdf
Chestnut Hill CDC,274673757,2014,https://projects.propublica.org/nonprofits/download-filing?path=2015_05_EO%2F27-4673757_990EZ_201405.pdf
Chestnut Hill CDC,274673757,2013,https://projects.propublica.org/nonprofits/download-filing?path=2014_05_EO%2F27-4673757_990EZ_201305.pdf
Chestnut Hill CDC,274673757,2012,https://projects.propublica.org/nonprofits/download-filing?path=2014_05_EO%2F27-4673757_990EZ_201205.pdf
Community of Compassion CDC,331035662,2021,https://projects.propublica.org/nonprofits/download-filing?path=IRS%2F331035662_202112_990EZ_2023052421310957.pdf
Community Ventures,232462126,2022,https://projects.propublica.org/nonprofits/download-filing?path=download990pdf_01_2024_prefixes_22-23%2F232462126_202212_990_2024011022207963.pdf
Community Ventures,232462126,2021,https://projects.propublica.org/nonprofits/download-filing?path=IRS%2F232462126_202112_990_2023031321090423.pdf
Community Ventures,232462126,2019,https://projects.propublica.org/nonprofits/download-filing?path=download990pdf_03_2022_prefixes_22-26%2F232462126_201912_990_2022032319804585.pdf
Community Ventures,232462126,2018,https://projects.propublica.org/nonprofits/download-filing?path=10_2019_prefixes_22-23%2F232462126_201812_990_2019103016796268.pdf
Community Ventures,232462126,2017,https://projects.propublica.org/nonprofits/download-filing?path=03_2019_prefixes_22-23%2F232462126_201712_990_2019031216168923.pdf
Community Ventures,232462126,2016,https://projects.propublica.org/nonprofits/download-filing?path=IRS%2F232462126_201612_990_2017111314946844.pdf
Community Ventures,232462126,2015,https://projects.propublica.org/nonprofits/download-filing?path=2016_08_EO%2F23-2462126_990_201512.pdf
Community Ventures,232462126,2014,https://projects.propublica.org/nonprofits/download-filing?path=2015_11_EO%2F23-2462126_990_201412.pdf
Community Ventures,232462126,2013,https://projects.propublica.org/nonprofits/download-filing?path=2014_08_EO%2F23-2462126_990_201312.pdf
Community Ventures,232462126,2012,https://projects.propublica.org/nonprofits/download-filing?path=2013_09_EO%2F23-2462126_990_201212.pdf
Community Ventures,232462126,2011,https://projects.propublica.org/nonprofits/download-filing?path=2012_09_EO%2F23-2462126_990_201112.pdf
Community Ventures,232462126,2010,https://projects.propublica.org/nonprofits/download-filing?path=2012_01_EO%2F23-2462126_990_201012.pdf
Community Ventures,232462126,2009,https://projects.propublica.org/nonprofits/download-filing?path=2010_09_EO%2F23-2462126_990_200912.pdf
Community Ventures,232462126,2008,https://projects.propublica.org/nonprofits/download-filing?path=2009_10_EO%2F23-2462126_990_200812.pdf
Community Ventures,232462126,2007,https://projects.propublica.org/nonprofits/download-filing?path=2008_06_EO%2F23-2462126_990_200706.pdf
Community Ventures,232462126,2006,https://projects.propublica.org/nonprofits/download-filing?path=2007_01_EO%2F23-2462126_990_200606.pdf
Community Ventures,232462126,2005,https://projects.propublica.org/nonprofits/download-filing?path=2006_07_EO%2F23-2462126_990_200506.pdf
Community Ventures,232462126,2003,https://projects.propublica.org/nonprofits/download-filing?path=2004_11_EO%2F23-2462126_990_200312.pdf
Community Ventures,232462126,2002,https://projects.propublica.org/nonprofits/download-filing?path=2003_01_EO%2F23-2462126_990_200206.pdf
Community Ventures,232462126,2001,https://projects.propublica.org/nonprofits/download-filing?path=2002_01_EO%2F23-2462126_990_200106.pdf
East Falls Development Corporation,232805925,2022,https://projects.propublica.org/nonprofits/download-filing?path=download990pdf_01_2024_prefixes_22-23%2F232805925_202212_990_2024010322156852.pdf
East Falls Development Corporation,232805925,2021,https://projects.propublica.org/nonprofits/download-filing?path=download990pdf_03_2023_prefixes_20-25%2F232805925_202112_990_2023031321083462.pdf
East Falls Development Corporation,232805925,2020,https://projects.propublica.org/nonprofits/download-filing?path=IRS%2F232805925_202012_990_2022102520539784.pdf
East Falls Development Corporation,232805925,2019,https://projects.propublica.org/nonprofits/download-filing?path=download990pdf_10_2021_prefixes_20-26%2F232805925_201912_990_2021101819105375.pdf
East Falls Development Corporation,232805925,2018,https://projects.propublica.org/nonprofits/download-filing?path=06_2020_prefixes_20-23%2F232805925_201812_990_2020060917182844.pdf
East Falls Development Corporation,232805925,2017,https://projects.propublica.org/nonprofits/download-filing?path=02_2019_prefixes_23-23%2F232805925_201712_990_2019021516102781.pdf
East Falls Development Corporation,232805925,2016,https://projects.propublica.org/nonprofits/download-filing?path=IRS%2F232805925_201612_990_2017110914944446.pdf
East Falls Development Corporation,232805925,2015,https://projects.propublica.org/nonprofits/download-filing?path=2016_11_EO%2F23-2805925_990_201512.pdf
East Falls Development Corporation,232805925,2014,https://projects.propublica.org/nonprofits/download-filing?path=2015_12_EO%2F23-2805925_990_201412.pdf
East Falls Development Corporation,232805925,2013,https://projects.propublica.org/nonprofits/download-filing?path=2014_12_EO%2F23-2805925_990_201312.pdf
East Falls Development Corporation,232805925,2012,https://projects.propublica.org/nonprofits/download-filing?path=2013_10_EO%2F23-2805925_990_201212.pdf
East Falls Development Corporation,232805925,2011,https://projects.propublica.org/nonprofits/download-filing?path=2012_12_EO%2F23-2805925_990_201112.pdf
East Falls Development Corporation,232805925,2010,https://projects.propublica.org/nonprofits/download-filing?path=2011_12_EO%2F23-2805925_990_201012.pdf
East Falls Development Corporation,232805925,2009,https://projects.propublica.org/nonprofits/download-filing?path=2010_07_EO%2F23-2805925_990_200912.pdf
East Falls Development Corporation,232805925,2008,https://projects.propublica.org/nonprofits/download-filing?path=2009_06_EO%2F23-2805925_990_200812.pdf
East Falls Development Corporation,232805925,2007,https://projects.propublica.org/nonprofits/download-filing?path=2008_11_EO%2F23-2805925_990_200712.pdf
East Falls Development Corporation,232805925,2006,https://projects.propublica.org/nonprofits/download-filing?path=2007_08_EO%2F23-2805925_990_200612.pdf
East Falls Development Corporation,232805925,2005,https://projects.propublica.org/nonprofits/download-filing?path=2006_07_EO%2F23-2805925_990_200512.pdf
East Falls Development Corporation,232805925,2004,https://projects.propublica.org/nonprofits/download-filing?path=2005_06_EO%2F23-2805925_990_200412.pdf
East Falls Development Corporation,232805925,2003,https://projects.propublica.org/nonprofits/download-filing?path=2004_06_EO%2F23-2805925_990_200312.pdf
East Falls Development Corporation,232805925,2002,https://projects.propublica.org/nonprofits/download-filing?path=2003_08_EO%2F23-2805925_990R_200212.pdf
Empowered CDC,845037676,2024,https://projects.propublica.org/nonprofits/download-filing?path=IRS%2F845037676_202412_990_2025073023608736.pdf
Esperanza,232552707,2024,https://projects.propublica.org/nonprofits/download-filing?path=IRS%2F232552707_202406_990_2025052223444805.pdf
Esperanza,232552707,2023,https://projects.propublica.org/nonprofits/download-filing?path=download990pdf_05_2024_prefixes_20-23%2F232552707_202306_990_2024051722393684.pdf
Esperanza,232552707,2022,https://projects.propublica.org/nonprofits/download-filing?path=IRS%2F232552707_202206_990_2023061221444069.pdf
Esperanza,232552707,2021,https://projects.propublica.org/nonprofits/download-filing?path=IRS%2F232552707_202106_990_2022052520139350.pdf
Esperanza,232552707,2019,https://projects.propublica.org/nonprofits/download-filing?path=01_2021_prefixes_22-23%2F232552707_201906_990_2021012717665749.pdf
Esperanza,232552707,2018,https://projects.propublica.org/nonprofits/download-filing?path=IRS%2F232552707_201806_990_2019050316265948.pdf
Esperanza,232552707,2017,https://projects.propublica.org/nonprofits/download-filing?path=IRS%2F232552707_201706_990_2018031915224128.pdf
Esperanza,232552707,2016,https://projects.propublica.org/nonprofits/download-filing?path=IRS%2F232552707_201606_990_2017071314565762.pdf
Esperanza,232552707,2015,https://projects.propublica.org/nonprofits/download-filing?path=2016_07_EO%2F23-2552707_990_201506.pdf
Esperanza,232552707,2014,https://projects.propublica.org/nonprofits/download-filing?path=2015_03_EO%2F23-2552707_990_201406.pdf
Esperanza,232552707,2013,https://projects.propublica.org/nonprofits/download-filing?path=2014_06_EO%2F23-2552707_990_201306.pdf
Esperanza,232552707,2012,https://projects.propublica.org/nonprofits/download-filing?path=2013_05_EO%2F23-2552707_990_201206.pdf
Esperanza,232552707,2011,https://projects.propublica.org/nonprofits/download-filing?path=2012_06_EO%2F23-2552707_990_201106.pdf
Esperanza,232552707,2010,https://projects.propublica.org/nonprofits/download-filing?path=2011_06_EO%2F23-2552707_990_201006.pdf
Esperanza,232552707,2009,https://projects.propublica.org/nonprofits/download-filing?path=2010_07_EO%2F23-2552707_990_200906.pdf
Esperanza,232552707,2008,https://projects.propublica.org/nonprofits/download-filing?path=2009_03_EO%2F23-2552707_990_200806.pdf
Esperanza,232552707,2007,https://projects.propublica.org/nonprofits/download-filing?path=2008_06_EO%2F23-2552707_990_200706.pdf
Esperanza,232552707,2006,https://projects.propublica.org/nonprofits/download-filing?path=2007_03_EO%2F23-2552707_990_200606.pdf
Esperanza,232552707,2005,https://projects.propublica.org/nonprofits/download-filing?path=2006_05_EO%2F23-2552707_990_200506.pdf
Esperanza,232552707,2004,https://projects.propublica.org/nonprofits/download-filing?path=2005_06_EO%2F23-2552707_990_200406.pdf
Esperanza,232552707,2003,https://projects.propublica.org/nonprofits/download-filing?path=2004_05_EO%2F23-2552707_990_200306.pdf
Esperanza,232552707,2002,https://projects.propublica.org/nonprofits/download-filing?path=2003_02_EO%2F23-2552707_990_200206.pdf
Esperanza,232552707,2001,https://projects.propublica.org/nonprofits/download-filing?path=2002_02_EO%2F23-2552707_990_200106.pdf
Frankford CDC,232738932,2022,https://projects.propublica.org/nonprofits/download-filing?path=download990pdf_01_2024_prefixes_22-23%2F232738932_202212_990_2024010422169292.pdf
Frankford CDC,232738932,2021,https://projects.propublica.org/nonprofits/download-filing?path=IRS%2F232738932_202112_990_2023051221217498.pdf
Frankford CDC,232738932,2019,https://projects.propublica.org/nonprofits/download-filing?path=download990pdf_01_2022_prefixes_20-25%2F232738932_201912_990_2022011819479637.pdf
Frankford CDC,232738932,2018,https://projects.propublica.org/nonprofits/download-filing?path=06_2020_prefixes_20-23%2F232738932_201812_990_2020061017185053.pdf
Frankford CDC,232738932,2017,https://projects.propublica.org/nonprofits/download-filing?path=03_2019_prefixes_22-23%2F232738932_201712_990_2019030816158499.pdf
Frankford CDC,232738932,2016,https://projects.propublica.org/nonprofits/download-filing?path=01_2018_prefixes_23-23%2F232738932_201612_990_2018010515088164.pdf
Frankford CDC,232738932,2015,https://projects.propublica.org/nonprofits/download-filing?path=2016_12_EO%2F23-2738932_990_201512.pdf
Frankford CDC,232738932,2014,https://projects.propublica.org/nonprofits/download-filing?path=2015_12_EO%2F23-2738932_990_201412.pdf
Frankford CDC,232738932,2013,https://projects.propublica.org/nonprofits/download-filing?path=2014_06_EO%2F23-2738932_990_201312.pdf
Frankford CDC,232738932,2012,https://projects.propublica.org/nonprofits/download-filing?path=2013_05_EO%2F23-2738932_990_201212.pdf
Frankford CDC,232738932,2011,https://projects.propublica.org/nonprofits/download-filing?path=2012_07_EO%2F23-2738932_990_201112.pdf
Frankford CDC,232738932,2010,https://projects.propublica.org/nonprofits/download-filing?path=2011_09_EO%2F23-2738932_990_201012.pdf
Frankford CDC,232738932,2009,https://projects.propublica.org/nonprofits/download-filing?path=2010_08_EO%2F23-2738932_990_200912.pdf
Frankford CDC,232738932,2008,https://projects.propublica.org/nonprofits/download-filing?path=2009_07_EO%2F23-2738932_990_200812.pdf
Frankford CDC,232738932,2007,https://projects.propublica.org/nonprofits/download-filing?path=2008_07_EO%2F23-2738932_990_200712.pdf
Frankford CDC,232738932,2006,https://projects.propublica.org/nonprofits/download-filing?path=2008_03_EO%2F23-2738932_990_200612.pdf
Frankford CDC,232738932,2005,https://projects.propublica.org/nonprofits/download-filing?path=2008_02_EO%2F23-2738932_990R_200512.pdf
Frankford CDC,232738932,2004,https://projects.propublica.org/nonprofits/download-filing?path=2006_01_EO%2F23-2738932_990_200412.pdf
Frankford CDC,232738932,2003,https://projects.propublica.org/nonprofits/download-filing?path=2004_10_EO%2F23-2738932_990_200312.pdf
Frankford CDC,232738932,2002,https://projects.propublica.org/nonprofits/download-filing?path=2003_06_EO%2F23-2738932_990_200212.pdf
Frankford CDC,232738932,2001,https://projects.propublica.org/nonprofits/download-filing?path=2002_08_EO%2F23-2738932_990_200112.pdf
Germantown United CDC,453739378,2022,https://projects.propublica.org/nonprofits/download-filing?path=download990pdf_12_2023_prefixes_43-45%2F453739378_202212_990_2023120522069551.pdf
Germantown United CDC,453739378,2021,https://projects.propublica.org/nonprofits/download-filing?path=IRS%2F453739378_202112_990_2023031021070755.pdf
Germantown United CDC,453739378,2019,https://projects.propublica.org/nonprofits/download-filing?path=02_2021_prefixes_45-46%2F453739378_201912_990_2021022417753771.pdf
Germantown United CDC,453739378,2018,https://projects.propublica.org/nonprofits/download-filing?path=06_2020_prefixes_42-46%2F453739378_201812_990_2020060917181782.pdf
Germantown United CDC,453739378,2017,https://projects.propublica.org/nonprofits/download-filing?path=10_2018_prefixes_45-46%2F453739378_201712_990_2018102515834374.pdf
Germantown United CDC,453739378,2016,https://projects.propublica.org/nonprofits/download-filing?path=IRS%2F453739378_201612_990_2017102514882453.pdf
Germantown United CDC,453739378,2015,https://projects.propublica.org/nonprofits/download-filing?path=2016_11_EO%2F45-3739378_990_201512.pdf
Habitat for Humanity Philadelphia,421580163,2024,https://projects.propublica.org/nonprofits/download-filing?path=IRS%2F421580163_202406_990_2025050123418852.pdf
Habitat for Humanity Philadelphia,421580163,2023,https://projects.propublica.org/nonprofits/download-filing?path=IRS%2F421580163_202306_990_2024042322373631.pdf
Habitat for Humanity Philadelphia,421580163,2022,https://projects.propublica.org/nonprofits/download-filing?path=IRS%2F421580163_202206_990_2023060521372277.pdf
Habitat for Humanity Philadelphia,421580163,2021,https://projects.propublica.org/nonprofits/download-filing?path=IRS%2F421580163_202106_990_2022052420129097.pdf
Habitat for Humanity Philadelphia,421580163,2020,https://projects.propublica.org/nonprofits/download-filing?path=04_2021_prefixes_41-43%2F421580163_202006_990_2021041517951046.pdf
Habitat for Humanity Philadelphia,421580163,2019,https://projects.propublica.org/nonprofits/download-filing?path=01_2021_prefixes_41-45%2F421580163_201906_990_2021012117613147.pdf
Habitat for Humanity Philadelphia,421580163,2018,https://projects.propublica.org/nonprofits/download-filing?path=05_2019_prefixes_42-45%2F421580163_201806_990_2019050216260904.pdf
Habitat for Humanity Philadelphia,421580163,2017,https://projects.propublica.org/nonprofits/download-filing?path=10_2018_prefixes_39-42%2F421580163_201706_990_2018100115747121.pdf
Habitat for Humanity Philadelphia,421580163,2016,https://projects.propublica.org/nonprofits/download-filing?path=IRS%2F421580163_201606_990_2017073114593597.pdf
Habitat for Humanity Philadelphia,421580163,2015,https://projects.propublica.org/nonprofits/download-filing?path=2016_03_EO%2F42-1580163_990_201506.pdf
Habitat for Humanity Philadelphia,421580163,2014,https://projects.propublica.org/nonprofits/download-filing?path=2015_02_EO%2F42-1580163_990_201406.pdf
Habitat for Humanity Philadelphia,421580163,2013,https://projects.propublica.org/nonprofits/download-filing?path=2014_03_EO%2F42-1580163_990_201306.pdf
Habitat for Humanity Philadelphia,421580163,2012,https://projects.propublica.org/nonprofits/download-filing?path=2012_12_EO%2F42-1580163_990_201206.pdf
Habitat for Humanity Philadelphia,421580163,2011,https://projects.propublica.org/nonprofits/download-filing?path=2011_12_EO%2F42-1580163_990_201106.pdf
Habitat for Humanity Philadelphia,421580163,2010,https://projects.propublica.org/nonprofits/download-filing?path=2011_03_EO%2F42-1580163_990_201006.pdf
Habitat for Humanity Philadelphia,421580163,2009,https://projects.propublica.org/nonprofits/download-filing?path=2010_06_EO%2F42-1580163_990_200906.pdf
Habitat for Humanity Philadelphia,421580163,2008,https://projects.propublica.org/nonprofits/download-filing?path=2009_03_EO%2F42-1580163_990_200806.pdf
Habitat for Humanity Philadelphia,421580163,2007,https://projects.propublica.org/nonprofits/download-filing?path=2008_02_EO%2F42-1580163_990_200706.pdf
Habitat for Humanity Philadelphia,421580163,2006,https://projects.propublica.org/nonprofits/download-filing?path=2007_03_EO%2F42-1580163_990_200606.pdf
Habitat for Humanity Philadelphia,421580163,2005,https://projects.propublica.org/nonprofits/download-filing?path=2006_01_EO%2F42-1580163_990_200506.pdf
Habitat for Humanity Philadelphia,421580163,2004,https://projects.propublica.org/nonprofits/download-filing?path=2004_12_EO%2F42-1580163_990_200406.pdf
Habitat for Humanity Philadelphia,421580163,2003,https://projects.propublica.org/nonprofits/download-filing?path=2004_04_EO%2F42-1580163_990_200306.pdf
HMC Squared Community Association,473084174,2012,https://projects.propublica.org/nonprofits/download-filing?path=2016_01_EO%2F13-086850_19151_473084174.pdf
HopePHL,232017882,2022,https://projects.propublica.org/nonprofits/download-filing?path=IRS%2F232017882_202206_990_2023061221436355.pdf
HopePHL,232017882,2021,https://projects.propublica.org/nonprofits/download-filing?path=download990pdf_07_2022_prefixes_22-27%2F232017882_202106_990_2022071820229859.pdf
HopePHL,232017882,2019,https://projects.propublica.org/nonprofits/download-filing?path=01_2021_prefixes_22-23%2F232017882_201906_990_2021012117619308.pdf
HopePHL,232017882,2018,https://projects.propublica.org/nonprofits/download-filing?path=11_2019_prefixes_22-23%2F232017882_201806_990_2019110416813147.pdf
HopePHL,232017882,2016,https://projects.propublica.org/nonprofits/download-filing?path=IRS%2F232017882_201606_990_2017100414802124.pdf
HopePHL,232017882,2015,https://projects.propublica.org/nonprofits/download-filing?path=2016_08_EO%2F23-2017882_990_201506.pdf
HopePHL,232017882,2014,https://projects.propublica.org/nonprofits/download-filing?path=2016_02_EO%2F23-2017882_990_201406.pdf
HopePHL,232017882,2013,https://projects.propublica.org/nonprofits/download-filing?path=2014_07_EO%2F23-2017882_990_201306.pdf
HopePHL,232017882,2012,https://projects.propublica.org/nonprofits/download-filing?path=2013_08_EO%2F23-2017882_990_201206.pdf
HopePHL,232017882,2011,https://projects.propublica.org/nonprofits/download-filing?path=2012_06_EO%2F23-2017882_990_201106.pdf
HopePHL,232017882,2010,https://projects.propublica.org/nonprofits/download-filing?path=2013_06_EO%2F23-2017882_990_201006.pdf
HopePHL,232017882,2009,https://projects.propublica.org/nonprofits/download-filing?path=2010_08_EO%2F23-2017882_990_200906.pdf
HopePHL,232017882,2008,https://projects.propublica.org/nonprofits/download-filing?path=2008_12_EO%2F23-2017882_990_200806.pdf
HopePHL,232017882,2007,https://projects.propublica.org/nonprofits/download-filing?path=2007_12_EO%2F23-2017882_990_200706.pdf
HopePHL,232017882,2006,https://projects.propublica.org/nonprofits/download-filing?path=2006_12_EO%2F23-2017882_990_200606.pdf
HopePHL,232017882,2005,https://projects.propublica.org/nonprofits/download-filing?path=2006_03_EO%2F23-2017882_990_200506.pdf
HopePHL,232017882,2004,https://projects.propublica.org/nonprofits/download-filing?path=2005_03_EO%2F23-2017882_990_200406.pdf
HopePHL,232017882,2003,https://projects.propublica.org/nonprofits/download-filing?path=2004_03_EO%2F23-2017882_990_200306.pdf
HopePHL,232017882,2002,https://projects.propublica.org/nonprofits/download-filing?path=2002_12_EO%2F23-2017882_990_200206.pdf
HumanGood East,232828862,2024,https://projects.propublica.org/nonprofits/download-filing?path=IRS%2F232828862_202412_990_2026021923937112.pdf
HumanGood East,232828862,2023,https://projects.propublica.org/nonprofits/download-filing?path=IRS%2F232828862_202312_990_2025021423097071.pdf
HumanGood East,232828862,2022,https://projects.propublica.org/nonprofits/download-filing?path=download990pdf_01_2024_prefixes_22-23%2F232828862_202212_990_2024010322165535.pdf
HumanGood East,232828862,2020,https://projects.propublica.org/nonprofits/download-filing?path=IRS%2F232828862_202012_990_2022010719415794.pdf
HumanGood East,232828862,2019,https://projects.propublica.org/nonprofits/download-filing?path=download990pdf_03_2022_prefixes_22-26%2F232828862_201912_990_2022030319688210.pdf
HumanGood East,232828862,2018,https://projects.propublica.org/nonprofits/download-filing?path=02_2020_prefixes_22-23%2F232828862_201812_990_2020021117134489.pdf
HumanGood East,232828862,2017,https://projects.propublica.org/nonprofits/download-filing?path=12_2018_prefixes_22-23%2F232828862_201712_990_2018120615978935.pdf
HumanGood East,232828862,2016,https://projects.propublica.org/nonprofits/download-filing?path=IRS%2F232828862_201612_990_2017112914988996.pdf
HumanGood East,232828862,2015,https://projects.propublica.org/nonprofits/download-filing?path=01_2017_prefixes_23-23%2F232828862_201512_990_2017011914091493.pdf
HumanGood East,232828862,2014,https://projects.propublica.org/nonprofits/download-filing?path=2016_01_EO%2F13-084806_19444_232828862.pdf
HumanGood East,232828862,2013,https://projects.propublica.org/nonprofits/download-filing?path=2016_01_EO%2F13-087089_19444_232828862.pdf
Impact Services Corporation,232087348,2022,https://projects.propublica.org/nonprofits/download-filing?path=IRS%2F232087348_202206_990_2023061221437144.pdf
Impact Services Corporation,232087348,2019,https://projects.propublica.org/nonprofits/download-filing?path=01_2021_prefixes_22-23%2F232087348_201906_990_2021012817671258.pdf
Impact Services Corporation,232087348,2018,https://projects.propublica.org/nonprofits/download-filing?path=08_2019_prefixes_22-23%2F232087348_201806_990_2019081616574961.pdf
Impact Services Corporation,232087348,2017,https://projects.propublica.org/nonprofits/download-filing?path=09_2018_prefixes_22-23%2F232087348_201706_990_2018091215680442.pdf
Impact Services Corporation,232087348,2016,https://projects.propublica.org/nonprofits/download-filing?path=10_2018_prefixes_22-23%2F232087348_201606_990_2018103015848968.pdf
Impact Services Corporation,232087348,2014,https://projects.propublica.org/nonprofits/download-filing?path=2015_01_EO%2F23-2087348_990_201406.pdf
Impact Services Corporation,232087348,2013,https://projects.propublica.org/nonprofits/download-filing?path=2013_12_EO%2F23-2087348_990_201306.pdf
Impact Services Corporation,232087348,2012,https://projects.propublica.org/nonprofits/download-filing?path=2013_03_EO%2F23-2087348_990_201206.pdf
Impact Services Corporation,232087348,2011,https://projects.propublica.org/nonprofits/download-filing?path=2011_12_EO%2F23-2087348_990_201106.pdf
Impact Services Corporation,232087348,2010,https://projects.propublica.org/nonprofits/download-filing?path=2010_12_EO%2F23-2087348_990_201006.pdf
Impact Services Corporation,232087348,2009,https://projects.propublica.org/nonprofits/download-filing?path=2009_12_EO%2F23-2087348_990_200906.pdf
Impact Services Corporation,232087348,2008,https://projects.propublica.org/nonprofits/download-filing?path=2008_12_EO%2F23-2087348_990_200806.pdf
Impact Services Corporation,232087348,2007,https://projects.propublica.org/nonprofits/download-filing?path=2008_01_EO%2F23-2087348_990_200706.pdf
Impact Services Corporation,232087348,2006,https://projects.propublica.org/nonprofits/download-filing?path=2006_12_EO%2F23-2087348_990_200606.pdf
Impact Services Corporation,232087348,2005,https://projects.propublica.org/nonprofits/download-filing?path=2005_12_EO%2F23-2087348_990_200506.pdf
Impact Services Corporation,232087348,2004,https://projects.propublica.org/nonprofits/download-filing?path=2004_12_EO%2F23-2087348_990_200406.pdf
Impact Services Corporation,232087348,2003,https://projects.propublica.org/nonprofits/download-filing?path=2003_12_EO%2F23-2087348_990_200306.pdf
Impact Services Corporation,232087348,2002,https://projects.propublica.org/nonprofits/download-filing?path=2002_12_EO%2F23-2087348_990_200206.pdf
Inglis Housing Corporation,232326550,2024,https://projects.propublica.org/nonprofits/download-filing?path=IRS%2F232326550_202406_990_2025052223445251.pdf
Inglis Housing Corporation,232326550,2022,https://projects.propublica.org/nonprofits/download-filing?path=IRS%2F232326550_202206_990_2023061221441369.pdf
Inglis Housing Corporation,232326550,2021,https://projects.propublica.org/nonprofits/download-filing?path=download990pdf_07_2022_prefixes_22-27%2F232326550_202106_990_2022071920233270.pdf
Inglis Housing Corporation,232326550,2020,https://projects.propublica.org/nonprofits/download-filing?path=04_2021_prefixes_22-23%2F232326550_202006_990_2021041217925436.pdf
Inglis Housing Corporation,232326550,2019,https://projects.propublica.org/nonprofits/download-filing?path=02_2020_prefixes_22-23%2F232326550_201912_990_2020021317141497.pdf
Inglis Housing Corporation,232326550,2018,https://projects.propublica.org/nonprofits/download-filing?path=12_2018_prefixes_22-23%2F232326550_201806_990_2018121716010669.pdf
Inglis Housing Corporation,232326550,2017,https://projects.propublica.org/nonprofits/download-filing?path=01_2018_prefixes_23-23%2F232326550_201706_990_2018010415081477.pdf
Inglis Housing Corporation,232326550,2016,https://projects.propublica.org/nonprofits/download-filing?path=2017_03_EO%2F23-2326550_990_201606.pdf
Inglis Housing Corporation,232326550,2015,https://projects.propublica.org/nonprofits/download-filing?path=2016_02_EO%2F23-2326550_990_201506.pdf
Inglis Housing Corporation,232326550,2014,https://projects.propublica.org/nonprofits/download-filing?path=2014_12_EO%2F23-2326550_990_201406.pdf
Inglis Housing Corporation,232326550,2013,https://projects.propublica.org/nonprofits/download-filing?path=2013_12_EO%2F23-2326550_990_201306.pdf
Inglis Housing Corporation,232326550,2012,https://projects.propublica.org/nonprofits/download-filing?path=2013_03_EO%2F23-2326550_990_201206.pdf
Inglis Housing Corporation,232326550,2011,https://projects.propublica.org/nonprofits/download-filing?path=2012_03_EO%2F23-2326550_990_201106.pdf
Inglis Housing Corporation,232326550,2010,https://projects.propublica.org/nonprofits/download-filing?path=2011_03_EO%2F23-2326550_990_201006.pdf
Inglis Housing Corporation,232326550,2009,https://projects.propublica.org/nonprofits/download-filing?path=2010_02_EO%2F23-2326550_990_200906.pdf
Inglis Housing Corporation,232326550,2008,https://projects.propublica.org/nonprofits/download-filing?path=2009_04_EO%2F23-2326550_990_200806.pdf
Inglis Housing Corporation,232326550,2007,https://projects.propublica.org/nonprofits/download-filing?path=2008_10_EO%2F23-2326550_990_200706.pdf
Inglis Housing Corporation,232326550,2006,https://projects.propublica.org/nonprofits/download-filing?path=2008_02_EO%2F23-2326550_990_200606.pdf
Inglis Housing Corporation,232326550,2005,https://projects.propublica.org/nonprofits/download-filing?path=2006_06_EO%2F23-2326550_990_200506.pdf
Inglis Housing Corporation,232326550,2004,https://projects.propublica.org/nonprofits/download-filing?path=2005_06_EO%2F23-2326550_990_200406.pdf
Inglis Housing Corporation,232326550,2003,https://projects.propublica.org/nonprofits/download-filing?path=2004_02_EO%2F23-2326550_990_200306.pdf
Inglis Housing Corporation,232326550,2002,https://projects.propublica.org/nonprofits/download-filing?path=2002_11_EO%2F23-2326550_990_200206.pdf
Korean Community Development Services Center,232303766,2022,https://projects.propublica.org/nonprofits/download-filing?path=download990pdf_01_2024_prefixes_22-23%2F232303766_202212_990_2024010322166367.pdf
Korean Community Development Services Center,232303766,2021,https://projects.propublica.org/nonprofits/download-filing?path=download990pdf_03_2023_prefixes_20-25%2F232303766_202112_990_2023031521114875.pdf
Korean Community Development Services Center,232303766,2020,https://projects.propublica.org/nonprofits/download-filing?path=IRS%2F232303766_202012_990_2022102520556466.pdf
Korean Community Development Services Center,232303766,2019,https://projects.propublica.org/nonprofits/download-filing?path=03_2021_prefixes_21-23%2F232303766_201912_990_2021030117771491.pdf
Korean Community Development Services Center,232303766,2018,https://projects.propublica.org/nonprofits/download-filing?path=09_2019_prefixes_22-23%2F232303766_201812_990_2019092016674981.pdf
Korean Community Development Services Center,232303766,2017,https://projects.propublica.org/nonprofits/download-filing?path=10_2018_prefixes_22-23%2F232303766_201712_990_2018103015847853.pdf
Korean Community Development Services Center,232303766,2016,https://projects.propublica.org/nonprofits/download-filing?path=IRS%2F232303766_201612_990_2017101614842438.pdf
Korean Community Development Services Center,232303766,2015,https://projects.propublica.org/nonprofits/download-filing?path=2016_10_EO%2F23-2303766_990_201512.pdf
Korean Community Development Services Center,232303766,2014,https://projects.propublica.org/nonprofits/download-filing?path=2015_07_EO%2F23-2303766_990_201412.pdf
Korean Community Development Services Center,232303766,2013,https://projects.propublica.org/nonprofits/download-filing?path=2014_10_EO%2F23-2303766_990_201312.pdf
Korean Community Development Services Center,232303766,2012,https://projects.propublica.org/nonprofits/download-filing?path=2013_09_EO%2F23-2303766_990_201212.pdf
Korean Community Development Services Center,232303766,2011,https://projects.propublica.org/nonprofits/download-filing?path=2012_10_EO%2F23-2303766_990_201112.pdf
Korean Community Development Services Center,232303766,2010,https://projects.propublica.org/nonprofits/download-filing?path=2011_11_EO%2F23-2303766_990_201012.pdf
Korean Community Development Services Center,232303766,2009,https://projects.propublica.org/nonprofits/download-filing?path=2010_09_EO%2F23-2303766_990_200912.pdf
Korean Community Development Services Center,232303766,2008,https://projects.propublica.org/nonprofits/download-filing?path=2009_07_EO%2F23-2303766_990_200812.pdf
Korean Community Development Services Center,232303766,2007,https://projects.propublica.org/nonprofits/download-filing?path=2008_09_EO%2F23-2303766_990_200712.pdf
Korean Community Development Services Center,232303766,2006,https://projects.propublica.org/nonprofits/download-filing?path=2007_12_EO%2F23-2303766_990_200612.pdf
Korean Community Development Services Center,232303766,2005,https://projects.propublica.org/nonprofits/download-filing?path=2006_09_EO%2F23-2303766_990_200512.pdf
Korean Community Development Services Center,232303766,2004,https://projects.propublica.org/nonprofits/download-filing?path=2005_10_EO%2F23-2303766_990_200412.pdf
Korean Community Development Services Center,232303766,2003,https://projects.propublica.org/nonprofits/download-filing?path=2004_10_EO%2F23-2303766_990_200312.pdf
Lancaster Avenue 21st Century Business Association CDC (LA21),900502551,2021,https://projects.propublica.org/nonprofits/download-filing?path=IRS%2F900502551_202112_990_2023031021079881.pdf
Lancaster Avenue 21st Century Business Association CDC (LA21),900502551,2020,https://projects.propublica.org/nonprofits/download-filing?path=05_2021_prefixes_90-92%2F900502551_202012_990_2021052118166666.pdf
Lancaster Avenue 21st Century Business Association CDC (LA21),900502551,2019,https://projects.propublica.org/nonprofits/download-filing?path=download990pdf_01_2022_prefixes_83-95%2F900502551_201912_990_2022011819479724.pdf
Mission First Housing Group,455470563,2022,https://projects.propublica.org/nonprofits/download-filing?path=download990pdf_06_2023_prefixes_41-46%2F455470563_202206_990_2023060721401720.pdf
Mission First Housing Group,455470563,2020,https://projects.propublica.org/nonprofits/download-filing?path=05_2021_prefixes_45-46%2F455470563_202006_990_2021051118084407.pdf
Mission First Housing Group,455470563,2019,https://projects.propublica.org/nonprofits/download-filing?path=11_2020_prefixes_37-45%2F455470563_201906_990_2020111317421255.pdf
Mission First Housing Group,455470563,2018,https://projects.propublica.org/nonprofits/download-filing?path=11_2019_prefixes_43-46%2F455470563_201806_990_2019110416815373.pdf
Mission First Housing Group,455470563,2017,https://projects.propublica.org/nonprofits/download-filing?path=IRS%2F455470563_201706_990_2018080215557763.pdf
Mission First Housing Group,455470563,2016,https://projects.propublica.org/nonprofits/download-filing?path=IRS%2F455470563_201606_990_2017100614810560.pdf
Mission First Housing Group,455470563,2015,https://projects.propublica.org/nonprofits/download-filing?path=2016_08_EO%2F45-5470563_990_201506.pdf
Mission First Housing Group,455470563,2014,https://projects.propublica.org/nonprofits/download-filing?path=2015_09_EO%2F45-5470563_990EZ_201406.pdf
Mt. Airy CDC,222526396,2024,https://projects.propublica.org/nonprofits/download-filing?path=IRS%2F222526396_202406_990_2025042523387474.pdf
Mt. Airy CDC,222526396,2023,https://projects.propublica.org/nonprofits/download-filing?path=download990pdf_03_2024_prefixes_20-27%2F222526396_202306_990_2024031222316289.pdf
Mt. Airy CDC,222526396,2022,https://projects.propublica.org/nonprofits/download-filing?path=IRS%2F222526396_202206_990_2023060121340701.pdf
Mt. Airy CDC,222526396,2021,https://projects.propublica.org/nonprofits/download-filing?path=download990pdf_03_2022_prefixes_13-22%2F222526396_202106_990_2022031619761269.pdf
Mt. Airy CDC,222526396,2020,https://projects.propublica.org/nonprofits/download-filing?path=04_2021_prefixes_22-22%2F222526396_202006_990_2021041317938654.pdf
Mt. Airy CDC,222526396,2019,https://projects.propublica.org/nonprofits/download-filing?path=01_2021_prefixes_20-22%2F222526396_201906_990_2021012117611114.pdf
Mt. Airy CDC,222526396,2018,https://projects.propublica.org/nonprofits/download-filing?path=07_2019_prefixes_20-23%2F222526396_201806_990_2019070516465589.pdf
Mt. Airy CDC,222526396,2017,https://projects.propublica.org/nonprofits/download-filing?path=09_2018_prefixes_20-22%2F222526396_201706_990_2018090615661591.pdf
Mt. Airy CDC,222526396,2016,https://projects.propublica.org/nonprofits/download-filing?path=IRS%2F222526396_201606_990_2017090114698990.pdf
Mt. Airy CDC,222526396,2015,https://projects.propublica.org/nonprofits/download-filing?path=2016_08_EO%2F22-2526396_990_201506.pdf
Mt. Airy CDC,222526396,2014,https://projects.propublica.org/nonprofits/download-filing?path=2015_09_EO%2F22-2526396_990_201406.pdf
Mt. Airy CDC,222526396,2013,https://projects.propublica.org/nonprofits/download-filing?path=2014_06_EO%2F22-2526396_990_201306.pdf
Mt. Airy CDC,222526396,2012,https://projects.propublica.org/nonprofits/download-filing?path=2013_05_EO%2F22-2526396_990_201206.pdf
Mt. Airy CDC,222526396,2011,https://projects.propublica.org/nonprofits/download-filing?path=2012_09_EO%2F22-2526396_990_201106.pdf
Mt. Airy CDC,222526396,2010,https://projects.propublica.org/nonprofits/download-filing?path=2011_12_EO%2F22-2526396_990_201012.pdf
Mt. Airy CDC,222526396,2009,https://projects.propublica.org/nonprofits/download-filing?path=2010_12_EO%2F22-2526396_990_200912.pdf
Mt. Airy CDC,222526396,2008,https://projects.propublica.org/nonprofits/download-filing?path=2009_12_EO%2F22-2526396_990_200812.pdf
Mt. Airy CDC,222526396,2007,https://projects.propublica.org/nonprofits/download-filing?path=2008_12_EO%2F22-2526396_990_200712.pdf
Mt. Airy CDC,222526396,2006,https://projects.propublica.org/nonprofits/download-filing?path=2007_09_EO%2F22-2526396_990_200612.pdf
Mt. Airy CDC,222526396,2005,https://projects.propublica.org/nonprofits/download-filing?path=2006_08_EO%2F22-2526396_990_200512.pdf
Mt. Airy CDC,222526396,2004,https://projects.propublica.org/nonprofits/download-filing?path=2005_10_EO%2F22-2526396_990_200412.pdf
Mt. Airy CDC,222526396,2003,https://projects.propublica.org/nonprofits/download-filing?path=2004_11_EO%2F22-2526396_990_200312.pdf
Mt. Airy CDC,222526396,2002,https://projects.propublica.org/nonprofits/download-filing?path=2003_08_EO%2F22-2526396_990_200212.pdf
Mt. Airy CDC,222526396,2001,https://projects.propublica.org/nonprofits/download-filing?path=2002_12_EO%2F22-2526396_990_200112.pdf
Mt. Airy CDC,222526396,2000,https://projects.propublica.org/nonprofits/download-filing?path=2002_01_EO%2F22-2526396_990_200012.pdf
Mt. Vernon Manor CDC,256084074,2023,https://projects.propublica.org/nonprofits/download-filing?path=IRS%2F256084074_202310_990_2024121122944603.pdf
Mt. Vernon Manor CDC,256084074,2022,https://projects.propublica.org/nonprofits/download-filing?path=IRS%2F256084074_202210_990_2023111621944418.pdf
Mt. Vernon Manor CDC,256084074,2021,https://projects.propublica.org/nonprofits/download-filing?path=IRS%2F256084074_202110_990_2023020320901219.pdf
Mt. Vernon Manor CDC,256084074,2020,https://projects.propublica.org/nonprofits/download-filing?path=IRS%2F256084074_202010_990EZ_2022080320270088.pdf
Mt. Vernon Manor CDC,256084074,2019,https://projects.propublica.org/nonprofits/download-filing?path=download990pdf_09_2021_prefixes_20-26%2F256084074_201910_990EZ_2021090918836050.pdf
Mt. Vernon Manor CDC,256084074,2018,https://projects.propublica.org/nonprofits/download-filing?path=10_2019_prefixes_23-26%2F256084074_201810_990EZ_2019102916792075.pdf
Mt. Vernon Manor CDC,256084074,2017,https://projects.propublica.org/nonprofits/download-filing?path=10_2018_prefixes_23-26%2F256084074_201710_990EZ_2018103015847261.pdf
Mt. Vernon Manor CDC,256084074,2016,https://projects.propublica.org/nonprofits/download-filing?path=IRS%2F256084074_201610_990EZ_2017100314794874.pdf
Mt. Vernon Manor CDC,256084074,2015,https://projects.propublica.org/nonprofits/download-filing?path=2016_10_EO%2F25-6084074_990EZ_201510.pdf
Mt. Vernon Manor CDC,256084074,2013,https://projects.propublica.org/nonprofits/download-filing?path=2014_07_EO%2F25-6084074_990EZ_201310.pdf
Mt. Vernon Manor CDC,256084074,2012,https://projects.propublica.org/nonprofits/download-filing?path=2014_01_EO%2F25-6084074_990EZ_201210.pdf
Mt. Vernon Manor CDC,256084074,2011,https://projects.propublica.org/nonprofits/download-filing?path=2013_12_EO%2F25-6084074_990EZ_201110.pdf
Mt. Vernon Manor CDC,256084074,2010,https://projects.propublica.org/nonprofits/download-filing?path=2011_03_EO%2F25-6084074_990EZ_201010.pdf
Mt. Vernon Manor CDC,256084074,2009,https://projects.propublica.org/nonprofits/download-filing?path=2010_04_EO%2F25-6084074_990EZ_200910.pdf
Mt. Vernon Manor CDC,256084074,2008,https://projects.propublica.org/nonprofits/download-filing?path=2009_03_EO%2F25-6084074_990EZ_200810.pdf
Mt. Vernon Manor CDC,256084074,2007,https://projects.propublica.org/nonprofits/download-filing?path=2009_02_EO%2F25-6084074_990ER_200710.pdf
New Kensington CDC,222610536,2024,https://projects.propublica.org/nonprofits/download-filing?path=IRS%2F222610536_202406_990_2025052323455742.pdf
New Kensington CDC,222610536,2023,https://projects.propublica.org/nonprofits/download-filing?path=IRS%2F222610536_202306_990_2024062122567017.pdf
New Kensington CDC,222610536,2022,https://projects.propublica.org/nonprofits/download-filing?path=IRS%2F222610536_202206_990_2023060921423833.pdf
New Kensington CDC,222610536,2020,https://projects.propublica.org/nonprofits/download-filing?path=download990pdf_04_2022_prefixes_14-23%2F222610536_202006_990_2022042519967154.pdf
New Kensington CDC,222610536,2019,https://projects.propublica.org/nonprofits/download-filing?path=04_2021_prefixes_22-22%2F222610536_201906_990_2021041917961547.pdf
New Kensington CDC,222610536,2018,https://projects.propublica.org/nonprofits/download-filing?path=05_2019_prefixes_20-23%2F222610536_201806_990_2019050616270411.pdf
New Kensington CDC,222610536,2017,https://projects.propublica.org/nonprofits/download-filing?path=05_2018_prefixes_20-23%2F222610536_201706_990_2018051715315258.pdf
New Kensington CDC,222610536,2016,https://projects.propublica.org/nonprofits/download-filing?path=2017_03_EO%2F22-2610536_990_201606.pdf
New Kensington CDC,222610536,2015,https://projects.propublica.org/nonprofits/download-filing?path=2016_03_EO%2F22-2610536_990_201506.pdf
New Kensington CDC,222610536,2014,https://projects.propublica.org/nonprofits/download-filing?path=2014_12_EO%2F22-2610536_990_201406.pdf
New Kensington CDC,222610536,2013,https://projects.propublica.org/nonprofits/download-filing?path=2014_02_EO%2F22-2610536_990_201306.pdf
New Kensington CDC,222610536,2012,https://projects.propublica.org/nonprofits/download-filing?path=2013_01_EO%2F22-2610536_990_201206.pdf
New Kensington CDC,222610536,2011,https://projects.propublica.org/nonprofits/download-filing?path=2012_02_EO%2F22-2610536_990_201106.pdf
New Kensington CDC,222610536,2010,https://projects.propublica.org/nonprofits/download-filing?path=2011_01_EO%2F22-2610536_990_201006.pdf
New Kensington CDC,222610536,2009,https://projects.propublica.org/nonprofits/download-filing?path=2010_01_EO%2F22-2610536_990_200906.pdf
New Kensington CDC,222610536,2008,https://projects.propublica.org/nonprofits/download-filing?path=2009_01_EO%2F22-2610536_990_200806.pdf
New Kensington CDC,222610536,2007,https://projects.propublica.org/nonprofits/download-filing?path=2008_02_EO%2F22-2610536_990_200706.pdf
New Kensington CDC,222610536,2006,https://projects.propublica.org/nonprofits/download-filing?path=2007_01_EO%2F22-2610536_990_200606.pdf
New Kensington CDC,222610536,2005,https://projects.propublica.org/nonprofits/download-filing?path=2005_12_EO%2F22-2610536_990_200506.pdf
New Kensington CDC,222610536,2004,https://projects.propublica.org/nonprofits/download-filing?path=2004_11_EO%2F22-2610536_990_200406.pdf
New Kensington CDC,222610536,2003,https://projects.propublica.org/nonprofits/download-filing?path=2003_11_EO%2F22-2610536_990_200306.pdf
New Kensington CDC,222610536,2002,https://projects.propublica.org/nonprofits/download-filing?path=2003_01_EO%2F22-2610536_990_200206.pdf
Newbold CDC,542184458,2023,https://projects.propublica.org/nonprofits/download-filing?path=download990pdf_05_2024_prefixes_52-58%2F542184458_202312_990EZ_2024052822431838.pdf
Newbold CDC,542184458,2022,https://projects.propublica.org/nonprofits/download-filing?path=download990pdf_10_2023_prefixes_51-56%2F542184458_202212_990EZ_2023101621705658.pdf
Newbold CDC,542184458,2019,https://projects.propublica.org/nonprofits/download-filing?path=05_2021_prefixes_54-56%2F542184458_201912_990EZ_2021051818131413.pdf
Newbold CDC,542184458,2018,https://projects.propublica.org/nonprofits/download-filing?path=08_2019_prefixes_52-54%2F542184458_201812_990EZ_2019081216562913.pdf
Newbold CDC,542184458,2017,https://projects.propublica.org/nonprofits/download-filing?path=03_2019_prefixes_51-56%2F542184458_201712_990EZ_2019030416143555.pdf
Newbold CDC,542184458,2016,https://projects.propublica.org/nonprofits/download-filing?path=IRS%2F542184458_201612_990EZ_2017092814784778.pdf
NewCourtland,264194368,2023,https://projects.propublica.org/nonprofits/download-filing?path=IRS%2F264194368_202306_990O_2024061822542294.pdf
NewCourtland,264194368,2022,https://projects.propublica.org/nonprofits/download-filing?path=IRS%2F264194368_202206_990O_2023060721392085.pdf
NewCourtland,264194368,2021,https://projects.propublica.org/nonprofits/download-filing?path=download990pdf_07_2022_prefixes_22-27%2F264194368_202106_990O_2022071820224942.pdf
NewCourtland,264194368,2020,https://projects.propublica.org/nonprofits/download-filing?path=06_2021_prefixes_26-27%2F264194368_202006_990O_2021060718283742.pdf
NewCourtland,264194368,2019,https://projects.propublica.org/nonprofits/download-filing?path=10_2020_prefixes_26-27%2F264194368_201906_990O_2020102017391333.pdf
NewCourtland,264194368,2018,https://projects.propublica.org/nonprofits/download-filing?path=06_2019_prefixes_26-31%2F264194368_201806_990O_2019061316408576.pdf
NewCourtland,264194368,2017,https://projects.propublica.org/nonprofits/download-filing?path=IRS%2F264194368_201706_990O_2018032715235242.pdf
NewCourtland,264194368,2016,https://projects.propublica.org/nonprofits/download-filing?path=2017_02_EO%2F26-4194368_990O_201606.pdf
NewCourtland,264194368,2015,https://projects.propublica.org/nonprofits/download-filing?path=2017_02_EO%2F26-4194368_990EO_201506.pdf
NewCourtland,264194368,2014,https://projects.propublica.org/nonprofits/download-filing?path=2014_12_EO%2F26-4194368_990EO_201406.pdf
NewCourtland,264194368,2013,https://projects.propublica.org/nonprofits/download-filing?path=2014_12_EO%2F26-4194368_990EO_201306.pdf
NewCourtland,264194368,2012,https://projects.propublica.org/nonprofits/download-filing?path=2014_12_EO%2F26-4194368_990EO_201206.pdf
NewCourtland,264194368,2011,https://projects.propublica.org/nonprofits/download-filing?path=2014_12_EO%2F26-4194368_990EO_201106.pdf
NewCourtland,264194368,2010,https://projects.propublica.org/nonprofits/download-filing?path=2014_12_EO%2F26-4194368_990EO_201006.pdf
NewCourtland,264194368,2009,https://projects.propublica.org/nonprofits/download-filing?path=2014_12_EO%2F26-4194368_990EO_200906.pdf
Nicetown CDC,233061705,2022,https://projects.propublica.org/nonprofits/download-filing?path=download990pdf_01_2024_prefixes_22-23%2F233061705_202212_990_2024011022208700.pdf
Nicetown CDC,233061705,2021,https://projects.propublica.org/nonprofits/download-filing?path=download990pdf_05_2023_prefixes_22-23%2F233061705_202112_990_2023051121203392.pdf
Nicetown CDC,233061705,2020,https://projects.propublica.org/nonprofits/download-filing?path=IRS%2F233061705_202012_990_2022102520554223.pdf
Nicetown CDC,233061705,2019,https://projects.propublica.org/nonprofits/download-filing?path=05_2021_prefixes_23-23%2F233061705_201912_990_2021052018152796.pdf
Nicetown CDC,233061705,2018,https://projects.propublica.org/nonprofits/download-filing?path=01_2020_prefixes_22-23%2F233061705_201812_990_2020012717070254.pdf
Nicetown CDC,233061705,2017,https://projects.propublica.org/nonprofits/download-filing?path=02_2019_prefixes_23-23%2F233061705_201712_990_2019020116054505.pdf
Nicetown CDC,233061705,2016,https://projects.propublica.org/nonprofits/download-filing?path=IRS%2F233061705_201612_990_2017110214914199.pdf
Nicetown CDC,233061705,2015,https://projects.propublica.org/nonprofits/download-filing?path=2017_01_EO%2F23-3061705_990_201512.pdf
Nicetown CDC,233061705,2014,https://projects.propublica.org/nonprofits/download-filing?path=2015_10_EO%2F23-3061705_990_201412.pdf
Nicetown CDC,233061705,2013,https://projects.propublica.org/nonprofits/download-filing?path=2014_10_EO%2F23-3061705_990_201312.pdf
Nicetown CDC,233061705,2012,https://projects.propublica.org/nonprofits/download-filing?path=2013_12_EO%2F23-3061705_990_201212.pdf
Nicetown CDC,233061705,2011,https://projects.propublica.org/nonprofits/download-filing?path=2012_11_EO%2F23-3061705_990_201112.pdf
Nicetown CDC,233061705,2010,https://projects.propublica.org/nonprofits/download-filing?path=2011_07_EO%2F23-3061705_990_201012.pdf
Nicetown CDC,233061705,2009,https://projects.propublica.org/nonprofits/download-filing?path=2010_09_EO%2F23-3061705_990EZ_200912.pdf
Nicetown CDC,233061705,2008,https://projects.propublica.org/nonprofits/download-filing?path=2009_12_EO%2F23-3061705_990EZ_200812.pdf
Nicetown CDC,233061705,2007,https://projects.propublica.org/nonprofits/download-filing?path=2008_08_EO%2F23-3061705_990_200712.pdf
Nicetown CDC,233061705,2006,https://projects.propublica.org/nonprofits/download-filing?path=2007_07_EO%2F23-3061705_990_200612.pdf
Nicetown CDC,233061705,2005,https://projects.propublica.org/nonprofits/download-filing?path=2006_09_EO%2F23-3061705_990_200512.pdf
Nicetown CDC,233061705,2004,https://projects.propublica.org/nonprofits/download-filing?path=2005_09_EO%2F23-3061705_990_200412.pdf
Nicetown CDC,233061705,2003,https://projects.propublica.org/nonprofits/download-filing?path=2004_06_EO%2F23-3061705_990_200312.pdf
Old City District,232176305,2023,https://projects.propublica.org/nonprofits/download-filing?path=IRS%2F232176305_202312_990EZ_2024070222643460.pdf
Old City District,232176305,2022,https://projects.propublica.org/nonprofits/download-filing?path=download990pdf_10_2023_prefixes_22-23%2F232176305_202212_990EZ_2023101621706538.pdf
Old City District,232176305,2021,https://projects.propublica.org/nonprofits/download-filing?path=IRS%2F232176305_202112_990EZ_2023012420802534.pdf
Old City District,232176305,2019,https://projects.propublica.org/nonprofits/download-filing?path=download990pdf_11_2021_prefixes_20-27%2F232176305_201912_990EZ_2021110219124080.pdf
Old City District,232176305,2018,https://projects.propublica.org/nonprofits/download-filing?path=01_2020_prefixes_22-23%2F232176305_201812_990EZ_2020010917007284.pdf
Old City District,232176305,2017,https://projects.propublica.org/nonprofits/download-filing?path=12_2018_prefixes_22-23%2F232176305_201712_990EZ_2018121816017698.pdf
Old City District,232176305,2016,https://projects.propublica.org/nonprofits/download-filing?path=IRS%2F232176305_201612_990EZ_2017112014964634.pdf
Old City District,232176305,2015,https://projects.propublica.org/nonprofits/download-filing?path=2016_08_EO%2F23-2176305_990EZ_201512.pdf
Old City District,232176305,2014,https://projects.propublica.org/nonprofits/download-filing?path=2015_06_EO%2F23-2176305_990EZ_201412.pdf
Old City District,232176305,2013,https://projects.propublica.org/nonprofits/download-filing?path=2014_12_EO%2F23-2176305_990EZ_201312.pdf
Old City District,232176305,2012,https://projects.propublica.org/nonprofits/download-filing?path=2014_01_EO%2F23-2176305_990EZ_201212.pdf
Old City District,232176305,2011,https://projects.propublica.org/nonprofits/download-filing?path=2012_11_EO%2F23-2176305_990EZ_201112.pdf
Old City District,232176305,2010,https://projects.propublica.org/nonprofits/download-filing?path=2011_09_EO%2F23-2176305_990EZ_201012.pdf
Old City District,232176305,2009,https://projects.propublica.org/nonprofits/download-filing?path=2010_09_EO%2F23-2176305_990EZ_200912.pdf
Old City District,232176305,2008,https://projects.propublica.org/nonprofits/download-filing?path=2009_09_EO%2F23-2176305_990EZ_200812.pdf
Old City District,232176305,2007,https://projects.propublica.org/nonprofits/download-filing?path=2008_10_EO%2F23-2176305_990EZ_200712.pdf
Old City District,232176305,2006,https://projects.propublica.org/nonprofits/download-filing?path=2007_09_EO%2F23-2176305_990EZ_200612.pdf
Old City District,232176305,2005,https://projects.propublica.org/nonprofits/download-filing?path=2006_12_EO%2F23-2176305_990EZ_200512.pdf
Old City District,232176305,2004,https://projects.propublica.org/nonprofits/download-filing?path=2006_02_EO%2F23-2176305_990EZ_200412.pdf
Old City District,232176305,2003,https://projects.propublica.org/nonprofits/download-filing?path=2004_10_EO%2F23-2176305_990EZ_200312.pdf
Old City District,232176305,2002,https://projects.propublica.org/nonprofits/download-filing?path=2003_08_EO%2F23-2176305_990EZ_200212.pdf
Old City District,232176305,2001,https://projects.propublica.org/nonprofits/download-filing?path=2002_07_EO%2F23-2176305_990EZ_200112.pdf
Overbrook West Neighbors CDC,824449937,2023,https://projects.propublica.org/nonprofits/download-filing?path=IRS%2F824449937_202312_990_2025022823138031.pdf
Overbrook West Neighbors CDC,824449937,2022,https://projects.propublica.org/nonprofits/download-filing?path=download990pdf_01_2024_prefixes_82-82%2F824449937_202212_990_2024010522184923.pdf
Overbrook West Neighbors CDC,824449937,2021,https://projects.propublica.org/nonprofits/download-filing?path=download990pdf_03_2023_prefixes_76-83%2F824449937_202112_990EZ_2023030921058054.pdf
Overbrook West Neighbors CDC,824449937,2019,https://projects.propublica.org/nonprofits/download-filing?path=download990pdf_04_2022_prefixes_82-85%2F824449937_201912_990_2022040819847217.pdf
Oxford Circle Christian Community Development Association (OCCCDA),204984694,2022,https://projects.propublica.org/nonprofits/download-filing?path=download990pdf_01_2024_prefixes_20-22%2F204984694_202212_990_2024011722247130.pdf
Oxford Circle Christian Community Development Association (OCCCDA),204984694,2021,https://projects.propublica.org/nonprofits/download-filing?path=IRS%2F204984694_202112_990_2023053021319114.pdf
Oxford Circle Christian Community Development Association (OCCCDA),204984694,2020,https://projects.propublica.org/nonprofits/download-filing?path=IRS%2F204984694_202012_990_2022022819669814.pdf
Oxford Circle Christian Community Development Association (OCCCDA),204984694,2019,https://projects.propublica.org/nonprofits/download-filing?path=03_2021_prefixes_16-21%2F204984694_201912_990_2021030217779108.pdf
Oxford Circle Christian Community Development Association (OCCCDA),204984694,2018,https://projects.propublica.org/nonprofits/download-filing?path=02_2020_prefixes_20-22%2F204984694_201812_990_2020021817155970.pdf
Oxford Circle Christian Community Development Association (OCCCDA),204984694,2017,https://projects.propublica.org/nonprofits/download-filing?path=12_2018_prefixes_20-22%2F204984694_201712_990_2018121916027273.pdf
Oxford Circle Christian Community Development Association (OCCCDA),204984694,2016,https://projects.propublica.org/nonprofits/download-filing?path=12_2017_prefixes_20-22%2F204984694_201612_990_2017120415000833.pdf
Oxford Circle Christian Community Development Association (OCCCDA),204984694,2015,https://projects.propublica.org/nonprofits/download-filing?path=2017_01_EO%2F20-4984694_990_201512.pdf
Oxford Circle Christian Community Development Association (OCCCDA),204984694,2014,https://projects.propublica.org/nonprofits/download-filing?path=2016_01_EO%2F13-104875_19149_204984694.pdf
Oxford Circle Christian Community Development Association (OCCCDA),204984694,2013,https://projects.propublica.org/nonprofits/download-filing?path=2014_12_EO%2F20-4984694_990_201312.pdf
Oxford Circle Christian Community Development Association (OCCCDA),204984694,2012,https://projects.propublica.org/nonprofits/download-filing?path=2013_08_EO%2F20-4984694_990_201212.pdf
Oxford Circle Christian Community Development Association (OCCCDA),204984694,2011,https://projects.propublica.org/nonprofits/download-filing?path=2012_11_EO%2F20-4984694_990_201112.pdf
Oxford Circle Christian Community Development Association (OCCCDA),204984694,2010,https://projects.propublica.org/nonprofits/download-filing?path=2011_09_EO%2F20-4984694_990_201012.pdf
Oxford Circle Christian Community Development Association (OCCCDA),204984694,2009,https://projects.propublica.org/nonprofits/download-filing?path=2011_02_EO%2F20-4984694_990_200912.pdf
Oxford Circle Christian Community Development Association (OCCCDA),204984694,2008,https://projects.propublica.org/nonprofits/download-filing?path=2009_11_EO%2F20-4984694_990EZ_200812.pdf
Partnership CDC,232711533,2015,https://projects.propublica.org/nonprofits/download-filing?path=2016_07_EO%2F23-2711533_990_201506.pdf
Partnership CDC,232711533,2014,https://projects.propublica.org/nonprofits/download-filing?path=2015_06_EO%2F23-2711533_990_201406.pdf
Partnership CDC,232711533,2013,https://projects.propublica.org/nonprofits/download-filing?path=2014_08_EO%2F23-2711533_990_201306.pdf
Partnership CDC,232711533,2012,https://projects.propublica.org/nonprofits/download-filing?path=2013_11_EO%2F23-2711533_990_201206.pdf
Partnership CDC,232711533,2011,https://projects.propublica.org/nonprofits/download-filing?path=2012_10_EO%2F23-2711533_990_201106.pdf
Partnership CDC,232711533,2010,https://projects.propublica.org/nonprofits/download-filing?path=2011_05_EO%2F23-2711533_990_201006.pdf
Partnership CDC,232711533,2009,https://projects.propublica.org/nonprofits/download-filing?path=2010_03_EO%2F23-2711533_990_200906.pdf
Partnership CDC,232711533,2008,https://projects.propublica.org/nonprofits/download-filing?path=2009_03_EO%2F23-2711533_990_200806.pdf
Partnership CDC,232711533,2007,https://projects.propublica.org/nonprofits/download-filing?path=2008_02_EO%2F23-2711533_990_200706.pdf
Partnership CDC,232711533,2006,https://projects.propublica.org/nonprofits/download-filing?path=2007_04_EO%2F23-2711533_990_200606.pdf
Partnership CDC,232711533,2005,https://projects.propublica.org/nonprofits/download-filing?path=2006_07_EO%2F23-2711533_990_200506.pdf
Partnership CDC,232711533,2004,https://projects.propublica.org/nonprofits/download-filing?path=2005_05_EO%2F23-2711533_990_200406.pdf
Partnership CDC,232711533,2003,https://projects.propublica.org/nonprofits/download-filing?path=2004_04_EO%2F23-2711533_990_200306.pdf
Partnership CDC,232711533,2002,https://projects.propublica.org/nonprofits/download-filing?path=2003_02_EO%2F23-2711533_990_200206.pdf
Partnership CDC,232711533,2001,https://projects.propublica.org/nonprofits/download-filing?path=2002_06_EO%2F23-2711533_990_200106.pdf
Philadelphia Chinatown Development Corporation,237439723,2024,https://projects.propublica.org/nonprofits/download-filing?path=IRS%2F237439723_202409_990_2026011323843352.pdf
Philadelphia Chinatown Development Corporation,237439723,2023,https://projects.propublica.org/nonprofits/download-filing?path=IRS%2F237439723_202309_990_2024120622941731.pdf
Philadelphia Chinatown Development Corporation,237439723,2021,https://projects.propublica.org/nonprofits/download-filing?path=download990pdf_08_2022_prefixes_23-26%2F237439723_202109_990_2022082920302828.pdf
Philadelphia Chinatown Development Corporation,237439723,2020,https://projects.propublica.org/nonprofits/download-filing?path=download990pdf_09_2021_prefixes_20-26%2F237439723_202009_990_2021090318817582.pdf
Philadelphia Chinatown Development Corporation,237439723,2019,https://projects.propublica.org/nonprofits/download-filing?path=01_2021_prefixes_23-27%2F237439723_201909_990_2021012117623071.pdf
Philadelphia Chinatown Development Corporation,237439723,2018,https://projects.propublica.org/nonprofits/download-filing?path=12_2020_prefixes_23-26%2F237439723_201809_990_2020120117460212.pdf
Philadelphia Chinatown Development Corporation,237439723,2017,https://projects.propublica.org/nonprofits/download-filing?path=10_2018_prefixes_23-26%2F237439723_201709_990_2018100215759012.pdf
Philadelphia Chinatown Development Corporation,237439723,2016,https://projects.propublica.org/nonprofits/download-filing?path=2017_05_EO%2F23-7439723_990_201609.pdf
Philadelphia Chinatown Development Corporation,237439723,2015,https://projects.propublica.org/nonprofits/download-filing?path=2016_08_EO%2F23-7439723_990_201509.pdf
Philadelphia Chinatown Development Corporation,237439723,2014,https://projects.propublica.org/nonprofits/download-filing?path=2015_07_EO%2F23-7439723_990_201409.pdf
Philadelphia Chinatown Development Corporation,237439723,2013,https://projects.propublica.org/nonprofits/download-filing?path=2014_07_EO%2F23-7439723_990_201309.pdf
Philadelphia Chinatown Development Corporation,237439723,2012,https://projects.propublica.org/nonprofits/download-filing?path=2013_11_EO%2F23-7439723_990_201209.pdf
Philadelphia Chinatown Development Corporation,237439723,2011,https://projects.propublica.org/nonprofits/download-filing?path=2012_03_EO%2F23-7439723_990_201109.pdf
Philadelphia Chinatown Development Corporation,237439723,2010,https://projects.propublica.org/nonprofits/download-filing?path=05_2018_prefixes_23-26%2F237439723_201009_990A_2018051115303685.pdf
Philadelphia Chinatown Development Corporation,237439723,2009,https://projects.propublica.org/nonprofits/download-filing?path=05_2018_prefixes_23-26%2F237439723_200909_990A_2018051115303686.pdf
Philadelphia Chinatown Development Corporation,237439723,2008,https://projects.propublica.org/nonprofits/download-filing?path=05_2018_prefixes_23-26%2F237439723_200809_990A_2018050915298433.pdf
Philadelphia Chinatown Development Corporation,237439723,2007,https://projects.propublica.org/nonprofits/download-filing?path=2008_09_EO%2F23-7439723_990_200709.pdf
Philadelphia Chinatown Development Corporation,237439723,2006,https://projects.propublica.org/nonprofits/download-filing?path=2007_09_EO%2F23-7439723_990_200609.pdf
Philadelphia Chinatown Development Corporation,237439723,2005,https://projects.propublica.org/nonprofits/download-filing?path=2006_08_EO%2F23-7439723_990_200509.pdf
Philadelphia Chinatown Development Corporation,237439723,2004,https://projects.propublica.org/nonprofits/download-filing?path=2005_09_EO%2F23-7439723_990_200409.pdf
Philadelphia Chinatown Development Corporation,237439723,2003,https://projects.propublica.org/nonprofits/download-filing?path=2004_06_EO%2F23-7439723_990_200309.pdf
Philadelphia Chinatown Development Corporation,237439723,2002,https://projects.propublica.org/nonprofits/download-filing?path=2003_06_EO%2F23-7439723_990_200209.pdf
Philadelphia Chinatown Development Corporation,237439723,2001,https://projects.propublica.org/nonprofits/download-filing?path=2002_03_EO%2F23-7439723_990_200109.pdf
ProjectHOME,232555950,2024,https://projects.propublica.org/nonprofits/download-filing?path=IRS%2F232555950_202406_990_2025051623435664.pdf
ProjectHOME,232555950,2023,https://projects.propublica.org/nonprofits/download-filing?path=IRS%2F232555950_202306_990_2024041522361296.pdf
ProjectHOME,232555950,2022,https://projects.propublica.org/nonprofits/download-filing?path=download990pdf_06_2023_prefixes_22-25%2F232555950_202206_990_2023060521372201.pdf
ProjectHOME,232555950,2021,https://projects.propublica.org/nonprofits/download-filing?path=IRS%2F232555950_202106_990_2022052420123370.pdf
ProjectHOME,232555950,2020,https://projects.propublica.org/nonprofits/download-filing?path=04_2021_prefixes_22-23%2F232555950_202006_990_2021041517950358.pdf
ProjectHOME,232555950,2019,https://projects.propublica.org/nonprofits/download-filing?path=01_2021_prefixes_22-23%2F232555950_201906_990_2021011217596616.pdf
ProjectHOME,232555950,2018,https://projects.propublica.org/nonprofits/download-filing?path=11_2019_prefixes_22-23%2F232555950_201806_990_2019110416813028.pdf
ProjectHOME,232555950,2017,https://projects.propublica.org/nonprofits/download-filing?path=05_2018_prefixes_20-23%2F232555950_201706_990_2018050415289372.pdf
ProjectHOME,232555950,2016,https://projects.propublica.org/nonprofits/download-filing?path=IRS%2F232555950_201606_990_2017090114699083.pdf
ProjectHOME,232555950,2015,https://projects.propublica.org/nonprofits/download-filing?path=2016_07_EO%2F23-2555950_990_201506.pdf
ProjectHOME,232555950,2014,https://projects.propublica.org/nonprofits/download-filing?path=2015_05_EO%2F23-2555950_990_201406.pdf
ProjectHOME,232555950,2013,https://projects.propublica.org/nonprofits/download-filing?path=2014_04_EO%2F23-2555950_990_201306.pdf
ProjectHOME,232555950,2012,https://projects.propublica.org/nonprofits/download-filing?path=2013_05_EO%2F23-2555950_990_201206.pdf
ProjectHOME,232555950,2011,https://projects.propublica.org/nonprofits/download-filing?path=2012_05_EO%2F23-2555950_990_201106.pdf
ProjectHOME,232555950,2010,https://projects.propublica.org/nonprofits/download-filing?path=2011_04_EO%2F23-2555950_990_201006.pdf
ProjectHOME,232555950,2009,https://projects.propublica.org/nonprofits/download-filing?path=2010_05_EO%2F23-2555950_990_200906.pdf
ProjectHOME,232555950,2008,https://projects.propublica.org/nonprofits/download-filing?path=2009_02_EO%2F23-2555950_990_200806.pdf
ProjectHOME,232555950,2007,https://projects.propublica.org/nonprofits/download-filing?path=2008_11_EO%2F23-2555950_990_200706.pdf
ProjectHOME,232555950,2006,https://projects.propublica.org/nonprofits/download-filing?path=2007_03_EO%2F23-2555950_990_200606.pdf
ProjectHOME,232555950,2005,https://projects.propublica.org/nonprofits/download-filing?path=2006_03_EO%2F23-2555950_990_200506.pdf
ProjectHOME,232555950,2004,https://projects.propublica.org/nonprofits/download-filing?path=2005_01_EO%2F23-2555950_990_200406.pdf
ProjectHOME,232555950,2003,https://projects.propublica.org/nonprofits/download-filing?path=2004_02_EO%2F23-2555950_990_200306.pdf
ProjectHOME,232555950,2002,https://projects.propublica.org/nonprofits/download-filing?path=2003_03_EO%2F23-2555950_990_200206.pdf
ProjectHOME,232555950,2001,https://projects.propublica.org/nonprofits/download-filing?path=2002_01_EO%2F23-2555950_990_200106.pdf
Sister Clara Muhammad CDC,900405460,2024,https://projects.propublica.org/nonprofits/download-filing?path=IRS%2F900405460_202412_990EZ_2025091123713706.pdf
Sister Clara Muhammad CDC,900405460,2023,https://projects.propublica.org/nonprofits/download-filing?path=IRS%2F900405460_202312_990EZ_2025032723285140.pdf
Sister Clara Muhammad CDC,900405460,2022,https://projects.propublica.org/nonprofits/download-filing?path=download990pdf_10_2023_prefixes_90-94%2F900405460_202212_990EZ_2023101521695355.pdf
Sister Clara Muhammad CDC,900405460,2021,https://projects.propublica.org/nonprofits/download-filing?path=download990pdf_11_2023_prefixes_87-91%2F900405460_202112_990EZ_2023112021967991.pdf
Sister Clara Muhammad CDC,900405460,2020,https://projects.propublica.org/nonprofits/download-filing?path=download990pdf_03_2022_prefixes_86-95%2F900405460_202012_990EZ_2022033019809631.pdf
Sister Clara Muhammad CDC,900405460,2019,https://projects.propublica.org/nonprofits/download-filing?path=07_2020_prefixes_90-99%2F900405460_201912_990EZ_2020072017222321.pdf
Sister Clara Muhammad CDC,900405460,2018,https://projects.propublica.org/nonprofits/download-filing?path=04_2019_prefixes_82-92%2F900405460_201812_990EZ_2019041716223673.pdf
Sister Clara Muhammad CDC,900405460,2017,https://projects.propublica.org/nonprofits/download-filing?path=08_2018_prefixes_84-91%2F900405460_201712_990EZ_2018081315581910.pdf
Sister Clara Muhammad CDC,900405460,2016,https://projects.propublica.org/nonprofits/download-filing?path=09_2018_prefixes_87-93%2F900405460_201612_990EZ_2018092615733588.pdf
Sister Clara Muhammad CDC,900405460,2015,https://projects.propublica.org/nonprofits/download-filing?path=2016_06_EO%2F90-0405460_990EZ_201512.pdf
Sister Clara Muhammad CDC,900405460,2014,https://projects.propublica.org/nonprofits/download-filing?path=2015_06_EO%2F90-0405460_990EZ_201412.pdf
Sister Clara Muhammad CDC,900405460,2013,https://projects.propublica.org/nonprofits/download-filing?path=2014_05_EO%2F90-0405460_990EZ_201312.pdf
Sister Clara Muhammad CDC,900405460,2012,https://projects.propublica.org/nonprofits/download-filing?path=2013_04_EO%2F90-0405460_990EZ_201212.pdf
Sister Clara Muhammad CDC,900405460,2011,https://projects.propublica.org/nonprofits/download-filing?path=2012_06_EO%2F90-0405460_990EZ_201112.pdf
Sister Clara Muhammad CDC,900405460,2010,https://projects.propublica.org/nonprofits/download-filing?path=2011_08_EO%2F90-0405460_990ER_201012.pdf
Sister Clara Muhammad CDC,900405460,2009,https://projects.propublica.org/nonprofits/download-filing?path=2010_07_EO%2F90-0405460_990EZ_200912.pdf
Smart Futures CDC,300263715,2024,https://projects.propublica.org/nonprofits/download-filing?path=IRS%2F300263715_202406_990_2025052223445570.pdf
Smart Futures CDC,300263715,2023,https://projects.propublica.org/nonprofits/download-filing?path=IRS%2F300263715_202306_990_2024062122567338.pdf
Smart Futures CDC,300263715,2022,https://projects.propublica.org/nonprofits/download-filing?path=download990pdf_06_2023_prefixes_25-31%2F300263715_202206_990_2023060221351811.pdf
Smart Futures CDC,300263715,2021,https://projects.propublica.org/nonprofits/download-filing?path=IRS%2F300263715_202106_990_2022052520137481.pdf
Smart Futures CDC,300263715,2020,https://projects.propublica.org/nonprofits/download-filing?path=05_2021_prefixes_27-30%2F300263715_202006_990_2021051118085913.pdf
Smart Futures CDC,300263715,2019,https://projects.propublica.org/nonprofits/download-filing?path=01_2021_prefixes_27-32%2F300263715_201906_990_2021012117608377.pdf
Smart Futures CDC,300263715,2018,https://projects.propublica.org/nonprofits/download-filing?path=08_2019_prefixes_27-31%2F300263715_201806_990_2019081616574084.pdf
Smart Futures CDC,300263715,2017,https://projects.propublica.org/nonprofits/download-filing?path=10_2018_prefixes_27-31%2F300263715_201706_990_2018101715803074.pdf
Smart Futures CDC,300263715,2016,https://projects.propublica.org/nonprofits/download-filing?path=IRS%2F300263715_201606_990_2017083014686863.pdf
Smart Futures CDC,300263715,2015,https://projects.propublica.org/nonprofits/download-filing?path=2016_08_EO%2F30-0263715_990_201506.pdf
Smart Futures CDC,300263715,2014,https://projects.propublica.org/nonprofits/download-filing?path=2015_06_EO%2F30-0263715_990_201406.pdf
Smart Futures CDC,300263715,2013,https://projects.propublica.org/nonprofits/download-filing?path=2014_07_EO%2F30-0263715_990_201306.pdf
Smart Futures CDC,300263715,2012,https://projects.propublica.org/nonprofits/download-filing?path=2013_07_EO%2F30-0263715_990_201206.pdf
Smart Futures CDC,300263715,2011,https://projects.propublica.org/nonprofits/download-filing?path=2012_05_EO%2F30-0263715_990_201106.pdf
Smart Futures CDC,300263715,2010,https://projects.propublica.org/nonprofits/download-filing?path=2011_05_EO%2F30-0263715_990_201006.pdf
Smart Futures CDC,300263715,2009,https://projects.propublica.org/nonprofits/download-filing?path=2010_06_EO%2F30-0263715_990_200906.pdf
Smart Futures CDC,300263715,2008,https://projects.propublica.org/nonprofits/download-filing?path=2009_01_EO%2F30-0263715_990_200806.pdf
Smart Futures CDC,300263715,2007,https://projects.propublica.org/nonprofits/download-filing?path=2008_06_EO%2F30-0263715_990_200706.pdf
Smart Futures CDC,300263715,2006,https://projects.propublica.org/nonprofits/download-filing?path=2007_05_EO%2F30-0263715_990_200606.pdf
Smart Futures CDC,300263715,2005,https://projects.propublica.org/nonprofits/download-filing?path=2006_07_EO%2F30-0263715_990_200506.pdf
South Kensington Community Partners,222446719,2023,https://projects.propublica.org/nonprofits/download-filing?path=IRS%2F222446719_202309_990_2024080522766915.pdf
South Kensington Community Partners,222446719,2021,https://projects.propublica.org/nonprofits/download-filing?path=IRS%2F222446719_202109_990_2022082920303492.pdf
South Kensington Community Partners,222446719,2019,https://projects.propublica.org/nonprofits/download-filing?path=10_2020_prefixes_20-22%2F222446719_201909_990EZ_2020101317367387.pdf
South Kensington Community Partners,222446719,2018,https://projects.propublica.org/nonprofits/download-filing?path=09_2019_prefixes_22-23%2F222446719_201809_990EZ_2019093016705113.pdf
South Kensington Community Partners,222446719,2017,https://projects.propublica.org/nonprofits/download-filing?path=09_2018_prefixes_20-22%2F222446719_201709_990EZ_2018092615729626.pdf
South Kensington Community Partners,222446719,2016,https://projects.propublica.org/nonprofits/download-filing?path=IRS%2F222446719_201609_990EZ_2017111314946803.pdf
South Kensington Community Partners,222446719,2015,https://projects.propublica.org/nonprofits/download-filing?path=2016_12_EO%2F22-2446719_990EZ_201509.pdf
South Kensington Community Partners,222446719,2014,https://projects.propublica.org/nonprofits/download-filing?path=2015_03_EO%2F22-2446719_990EZ_201409.pdf
South Kensington Community Partners,222446719,2013,https://projects.propublica.org/nonprofits/download-filing?path=2014_09_EO%2F22-2446719_990EZ_201309.pdf
South Kensington Community Partners,222446719,2012,https://projects.propublica.org/nonprofits/download-filing?path=2013_11_EO%2F22-2446719_990EZ_201209.pdf
South Kensington Community Partners,222446719,2011,https://projects.propublica.org/nonprofits/download-filing?path=2012_06_EO%2F22-2446719_990EZ_201109.pdf
South Kensington Community Partners,222446719,2010,https://projects.propublica.org/nonprofits/download-filing?path=2011_06_EO%2F22-2446719_990EZ_201009.pdf
South Kensington Community Partners,222446719,2009,https://projects.propublica.org/nonprofits/download-filing?path=2010_03_EO%2F22-2446719_990EZ_200909.pdf
South Kensington Community Partners,222446719,2008,https://projects.propublica.org/nonprofits/download-filing?path=2009_03_EO%2F22-2446719_990EZ_200809.pdf
South Kensington Community Partners,222446719,2007,https://projects.propublica.org/nonprofits/download-filing?path=2008_01_EO%2F22-2446719_990EZ_200709.pdf
South Kensington Community Partners,222446719,2005,https://projects.propublica.org/nonprofits/download-filing?path=2006_09_EO%2F22-2446719_990EZ_200509.pdf
South Kensington Community Partners,222446719,2004,https://projects.propublica.org/nonprofits/download-filing?path=2005_06_EO%2F22-2446719_990EZ_200409.pdf
South Kensington Community Partners,222446719,2003,https://projects.propublica.org/nonprofits/download-filing?path=2004_08_EO%2F22-2446719_990EZ_200309.pdf
South Kensington Community Partners,222446719,2002,https://projects.propublica.org/nonprofits/download-filing?path=2003_07_EO%2F22-2446719_990ER_200209.pdf
South Kensington Community Partners,222446719,2001,https://projects.propublica.org/nonprofits/download-filing?path=2002_12_EO%2F22-2446719_990EZ_200112.pdf
South Kensington Community Partners,222446719,1999,https://projects.propublica.org/nonprofits/download-filing?path=2002_11_EO%2F22-2446719_990_199909.pdf
Southwest CDC,232491247,2021,https://projects.propublica.org/nonprofits/download-filing?path=IRS%2F232491247_202112_990_2023030221006864.pdf
Southwest CDC,232491247,2020,https://projects.propublica.org/nonprofits/download-filing?path=IRS%2F232491247_202012_990_2022010619400054.pdf
Southwest CDC,232491247,2019,https://projects.propublica.org/nonprofits/download-filing?path=02_2021_prefixes_22-23%2F232491247_201912_990_2021021917727074.pdf
Southwest CDC,232491247,2018,https://projects.propublica.org/nonprofits/download-filing?path=06_2020_prefixes_20-23%2F232491247_201812_990_2020061017186233.pdf
Southwest CDC,232491247,2016,https://projects.propublica.org/nonprofits/download-filing?path=01_2018_prefixes_23-23%2F232491247_201612_990_2018011915138037.pdf
Southwest CDC,232491247,2015,https://projects.propublica.org/nonprofits/download-filing?path=2017_02_EO%2F23-2491247_990_201512.pdf
Southwest CDC,232491247,2014,https://projects.propublica.org/nonprofits/download-filing?path=2016_02_EO%2F23-2491247_990_201412.pdf
Southwest CDC,232491247,2013,https://projects.propublica.org/nonprofits/download-filing?path=2014_12_EO%2F23-2491247_990_201312.pdf
Southwest CDC,232491247,2012,https://projects.propublica.org/nonprofits/download-filing?path=2013_12_EO%2F23-2491247_990_201212.pdf
Southwest CDC,232491247,2011,https://projects.propublica.org/nonprofits/download-filing?path=2012_12_EO%2F23-2491247_990_201112.pdf
Southwest CDC,232491247,2010,https://projects.propublica.org/nonprofits/download-filing?path=2011_10_EO%2F23-2491247_990_201012.pdf
Southwest CDC,232491247,2009,https://projects.propublica.org/nonprofits/download-filing?path=2010_07_EO%2F23-2491247_990EZ_200912.pdf
Southwest CDC,232491247,2008,https://projects.propublica.org/nonprofits/download-filing?path=2009_10_EO%2F23-2491247_990_200812.pdf
Southwest CDC,232491247,2007,https://projects.propublica.org/nonprofits/download-filing?path=2008_11_EO%2F23-2491247_990_200712.pdf
Southwest CDC,232491247,2006,https://projects.propublica.org/nonprofits/download-filing?path=2007_07_EO%2F23-2491247_990_200612.pdf
Southwest CDC,232491247,2005,https://projects.propublica.org/nonprofits/download-filing?path=2006_12_EO%2F23-2491247_990_200512.pdf
Southwest CDC,232491247,2004,https://projects.propublica.org/nonprofits/download-filing?path=2005_09_EO%2F23-2491247_990_200412.pdf
Southwest CDC,232491247,2003,https://projects.propublica.org/nonprofits/download-filing?path=2004_07_EO%2F23-2491247_990_200312.pdf
Southwest CDC,232491247,2002,https://projects.propublica.org/nonprofits/download-filing?path=2003_07_EO%2F23-2491247_990_200212.pdf
Southwest CDC,232491247,2001,https://projects.propublica.org/nonprofits/download-filing?path=2002_05_EO%2F23-2491247_990_200112.pdf
Tacony CDC,233052060,2023,https://projects.propublica.org/nonprofits/download-filing?path=download990pdf_11_2023_prefixes_22-23%2F233052060_202306_990_2023110821886221.pdf
Tacony CDC,233052060,2022,https://projects.propublica.org/nonprofits/download-filing?path=IRS%2F233052060_202206_990_2023020320902160.pdf
Tacony CDC,233052060,2020,https://projects.propublica.org/nonprofits/download-filing?path=02_2021_prefixes_22-23%2F233052060_202006_990_2021021817719054.pdf
Tacony CDC,233052060,2019,https://projects.propublica.org/nonprofits/download-filing?path=10_2019_prefixes_22-23%2F233052060_201906_990_2019102916794777.pdf
Tacony CDC,233052060,2018,https://projects.propublica.org/nonprofits/download-filing?path=12_2018_prefixes_22-23%2F233052060_201806_990_2018120715985664.pdf
Tacony CDC,233052060,2017,https://projects.propublica.org/nonprofits/download-filing?path=IRS%2F233052060_201706_990_2017110914940640.pdf
Tacony CDC,233052060,2016,https://projects.propublica.org/nonprofits/download-filing?path=2017_01_EO%2F23-3052060_990_201606.pdf
Tacony CDC,233052060,2015,https://projects.propublica.org/nonprofits/download-filing?path=2016_01_EO%2F13-101546_19135_233052060.pdf
Tacony CDC,233052060,2014,https://projects.propublica.org/nonprofits/download-filing?path=2014_10_EO%2F23-3052060_990_201406.pdf
Tacony CDC,233052060,2013,https://projects.propublica.org/nonprofits/download-filing?path=2014_01_EO%2F23-3052060_990_201306.pdf
Tacony CDC,233052060,2012,https://projects.propublica.org/nonprofits/download-filing?path=2012_12_EO%2F23-3052060_990_201206.pdf
Tacony CDC,233052060,2011,https://projects.propublica.org/nonprofits/download-filing?path=2012_04_EO%2F23-3052060_990_201106.pdf
Tacony CDC,233052060,2010,https://projects.propublica.org/nonprofits/download-filing?path=2012_04_EO%2F23-3052060_990_201006.pdf
Tacony CDC,233052060,2009,https://projects.propublica.org/nonprofits/download-filing?path=2012_04_EO%2F23-3052060_990_200906.pdf
Tacony CDC,233052060,2008,https://projects.propublica.org/nonprofits/download-filing?path=2009_01_EO%2F23-3052060_990_200806.pdf
Tacony CDC,233052060,2007,https://projects.propublica.org/nonprofits/download-filing?path=2007_12_EO%2F23-3052060_990_200706.pdf
Tacony CDC,233052060,2006,https://projects.propublica.org/nonprofits/download-filing?path=2006_12_EO%2F23-3052060_990_200606.pdf
Tacony CDC,233052060,2005,https://projects.propublica.org/nonprofits/download-filing?path=2005_11_EO%2F23-3052060_990O_200506.pdf
The Enterprise Center CDC,300002632,2022,https://projects.propublica.org/nonprofits/download-filing?path=download990pdf_06_2023_prefixes_25-31%2F300002632_202206_990_2023061221441405.pdf
The Enterprise Center CDC,300002632,2021,https://projects.propublica.org/nonprofits/download-filing?path=IRS%2F300002632_202106_990_2022071920233577.pdf
The Enterprise Center CDC,300002632,2020,https://projects.propublica.org/nonprofits/download-filing?path=download990pdf_05_2022_prefixes_27-47%2F300002632_202006_990_2022052820145751.pdf
The Enterprise Center CDC,300002632,2019,https://projects.propublica.org/nonprofits/download-filing?path=11_2020_prefixes_27-37%2F300002632_201906_990_2020110717416370.pdf
The Enterprise Center CDC,300002632,2018,https://projects.propublica.org/nonprofits/download-filing?path=04_2019_prefixes_26-31%2F300002632_201806_990_2019040416207024.pdf
The Enterprise Center CDC,300002632,2017,https://projects.propublica.org/nonprofits/download-filing?path=04_2018_prefixes_27-35%2F300002632_201706_990_2018042015266339.pdf
The Enterprise Center CDC,300002632,2016,https://projects.propublica.org/nonprofits/download-filing?path=IRS%2F300002632_201606_990_2017081614649357.pdf
The Enterprise Center CDC,300002632,2015,https://projects.propublica.org/nonprofits/download-filing?path=2016_07_EO%2F30-0002632_990_201506.pdf
The Enterprise Center CDC,300002632,2014,https://projects.propublica.org/nonprofits/download-filing?path=2015_02_EO%2F30-0002632_990_201406.pdf
The Enterprise Center CDC,300002632,2013,https://projects.propublica.org/nonprofits/download-filing?path=2014_03_EO%2F30-0002632_990_201306.pdf
The Enterprise Center CDC,300002632,2012,https://projects.propublica.org/nonprofits/download-filing?path=2013_03_EO%2F30-0002632_990_201206.pdf
The Enterprise Center CDC,300002632,2011,https://projects.propublica.org/nonprofits/download-filing?path=2011_11_EO%2F30-0002632_990_201106.pdf
The Enterprise Center CDC,300002632,2010,https://projects.propublica.org/nonprofits/download-filing?path=2010_10_EO%2F30-0002632_990_201006.pdf
The Enterprise Center CDC,300002632,2009,https://projects.propublica.org/nonprofits/download-filing?path=2010_03_EO%2F30-0002632_990_200906.pdf
The Enterprise Center CDC,300002632,2008,https://projects.propublica.org/nonprofits/download-filing?path=2009_01_EO%2F30-0002632_990_200806.pdf
The Enterprise Center CDC,300002632,2007,https://projects.propublica.org/nonprofits/download-filing?path=2008_01_EO%2F30-0002632_990_200706.pdf
The Enterprise Center CDC,300002632,2006,https://projects.propublica.org/nonprofits/download-filing?path=2006_11_EO%2F30-0002632_990_200606.pdf
The Enterprise Center CDC,300002632,2005,https://projects.propublica.org/nonprofits/download-filing?path=2006_01_EO%2F30-0002632_990_200506.pdf
The Enterprise Center CDC,300002632,2004,https://projects.propublica.org/nonprofits/download-filing?path=2005_03_EO%2F30-0002632_990_200406.pdf
The Maple Corporation,236432397,2022,https://projects.propublica.org/nonprofits/download-filing?path=download990pdf_11_2023_prefixes_23-25%2F236432397_202211_990_2023112021978354.pdf
The Maple Corporation,236432397,2021,https://projects.propublica.org/nonprofits/download-filing?path=IRS%2F236432397_202111_990_2023030221009020.pdf
The Maple Corporation,236432397,2019,https://projects.propublica.org/nonprofits/download-filing?path=download990pdf_12_2021_prefixes_22-27%2F236432397_201911_990_2021121419317688.pdf
The Maple Corporation,236432397,2018,https://projects.propublica.org/nonprofits/download-filing?path=12_2019_prefixes_22-23%2F236432397_201811_990_2019120216904274.pdf
The Maple Corporation,236432397,2016,https://projects.propublica.org/nonprofits/download-filing?path=IRS%2F236432397_201611_990_2017082214663455.pdf
The Maple Corporation,236432397,2015,https://projects.propublica.org/nonprofits/download-filing?path=2016_07_EO%2F23-6432397_990_201511.pdf
The Maple Corporation,236432397,2014,https://projects.propublica.org/nonprofits/download-filing?path=2016_01_EO%2F13-093386_08232_236432397.pdf
The Maple Corporation,236432397,2013,https://projects.propublica.org/nonprofits/download-filing?path=2014_07_EO%2F23-6432397_990_201311.pdf
The Maple Corporation,236432397,2012,https://projects.propublica.org/nonprofits/download-filing?path=2014_01_EO%2F23-6432397_990_201211.pdf
The Maple Corporation,236432397,2011,https://projects.propublica.org/nonprofits/download-filing?path=2012_10_EO%2F23-6432397_990_201111.pdf
The Maple Corporation,236432397,2010,https://projects.propublica.org/nonprofits/download-filing?path=2011_03_EO%2F23-6432397_990_201011.pdf
The Maple Corporation,236432397,2009,https://projects.propublica.org/nonprofits/download-filing?path=2010_05_EO%2F23-6432397_990_200911.pdf
The Maple Corporation,236432397,2008,https://projects.propublica.org/nonprofits/download-filing?path=2009_07_EO%2F23-6432397_990_200811.pdf
The Maple Corporation,236432397,2007,https://projects.propublica.org/nonprofits/download-filing?path=2008_04_EO%2F23-6432397_990_200711.pdf
The Maple Corporation,236432397,2005,https://projects.propublica.org/nonprofits/download-filing?path=2006_04_EO%2F23-6432397_990_200511.pdf
The Maple Corporation,236432397,2004,https://projects.propublica.org/nonprofits/download-filing?path=2006_01_EO%2F23-6432397_990_200411.pdf
The Maple Corporation,236432397,2003,https://projects.propublica.org/nonprofits/download-filing?path=2004_03_EO%2F23-6432397_990_200311.pdf
The Maple Corporation,236432397,2002,https://projects.propublica.org/nonprofits/download-filing?path=2003_04_EO%2F23-6432397_990_200211.pdf
The Maple Corporation,236432397,2001,https://projects.propublica.org/nonprofits/download-filing?path=2002_02_EO%2F23-6432397_990_200111.pdf
Tioga United,233101958,2024,https://projects.propublica.org/nonprofits/download-filing?path=IRS%2F233101958_202412_990_2026011323842677.pdf
Tioga United,233101958,2023,https://projects.propublica.org/nonprofits/download-filing?path=IRS%2F233101958_202312_990_2025030723159357.pdf
Tioga United,233101958,2022,https://projects.propublica.org/nonprofits/download-filing?path=download990pdf_03_2024_prefixes_20-27%2F233101958_202212_990_2024030522309729.pdf
Tioga United,233101958,2021,https://projects.propublica.org/nonprofits/download-filing?path=download990pdf_10_2023_prefixes_22-23%2F233101958_202112_990EZ_2023101821728985.pdf
Tioga United,233101958,2020,https://projects.propublica.org/nonprofits/download-filing?path=IRS%2F233101958_202012_990EZ_2023071221478639.pdf
Tioga United,233101958,2015,https://projects.propublica.org/nonprofits/download-filing?path=2016_11_EO%2F23-3101958_990_201512.pdf
Tioga United,233101958,2014,https://projects.propublica.org/nonprofits/download-filing?path=2015_12_EO%2F23-3101958_990_201412.pdf
Tioga United,233101958,2013,https://projects.propublica.org/nonprofits/download-filing?path=2014_11_EO%2F23-3101958_990_201312.pdf
Tioga United,233101958,2012,https://projects.propublica.org/nonprofits/download-filing?path=2014_03_EO%2F23-3101958_990_201212.pdf
Tioga United,233101958,2011,https://projects.propublica.org/nonprofits/download-filing?path=2014_03_EO%2F23-3101958_990_201112.pdf
Tioga United,233101958,2010,https://projects.propublica.org/nonprofits/download-filing?path=2014_01_EO%2F23-3101958_990_201012.pdf
Tioga United,233101958,2009,https://projects.propublica.org/nonprofits/download-filing?path=2012_11_EO%2F23-3101958_990EZ_200912.pdf
Tioga United,233101958,2008,https://projects.propublica.org/nonprofits/download-filing?path=2010_07_EO%2F23-3101958_990EZ_200812.pdf
Tioga United,233101958,2007,https://projects.propublica.org/nonprofits/download-filing?path=2010_07_EO%2F23-3101958_990_200712.pdf
Tioga United,233101958,2006,https://projects.propublica.org/nonprofits/download-filing?path=2008_07_EO%2F23-3101958_990R_200612.pdf
Tioga United,233101958,2005,https://projects.propublica.org/nonprofits/download-filing?path=2006_09_EO%2F23-3101958_990_200512.pdf
Tioga United,233101958,2004,https://projects.propublica.org/nonprofits/download-filing?path=2005_12_EO%2F23-3101958_990EZ_200412.pdf
Women's Community Revitalization Project (WCRP),222840188,2023,https://projects.propublica.org/nonprofits/download-filing?path=IRS%2F222840188_202309_990_2024120622936475.pdf
Women's Community Revitalization Project (WCRP),222840188,2022,https://projects.propublica.org/nonprofits/download-filing?path=download990pdf_11_2023_prefixes_22-23%2F222840188_202209_990_2023110321859322.pdf
Women's Community Revitalization Project (WCRP),222840188,2021,https://projects.propublica.org/nonprofits/download-filing?path=IRS%2F222840188_202109_990_2022020219610111.pdf
Women's Community Revitalization Project (WCRP),222840188,2020,https://projects.propublica.org/nonprofits/download-filing?path=04_2021_prefixes_22-22%2F222840188_202009_990_2021040617903396.pdf
Women's Community Revitalization Project (WCRP),222840188,2019,https://projects.propublica.org/nonprofits/download-filing?path=02_2021_prefixes_20-22%2F222840188_201909_990_2021021717710939.pdf
Women's Community Revitalization Project (WCRP),222840188,2018,https://projects.propublica.org/nonprofits/download-filing?path=04_2019_prefixes_20-23%2F222840188_201809_990_2019040316204752.pdf
Women's Community Revitalization Project (WCRP),222840188,2017,https://projects.propublica.org/nonprofits/download-filing?path=04_2018_prefixes_20-23%2F222840188_201709_990_2018041315258219.pdf
Women's Community Revitalization Project (WCRP),222840188,2016,https://projects.propublica.org/nonprofits/download-filing?path=2017_03_EO%2F22-2840188_990_201609.pdf
Women's Community Revitalization Project (WCRP),222840188,2015,https://projects.propublica.org/nonprofits/download-filing?path=2016_03_EO%2F22-2840188_990_201509.pdf
Women's Community Revitalization Project (WCRP),222840188,2014,https://projects.propublica.org/nonprofits/download-filing?path=2016_06_EO%2F22-2840188_990_201409.pdf
Women's Community Revitalization Project (WCRP),222840188,2013,https://projects.propublica.org/nonprofits/download-filing?path=2014_06_EO%2F22-2840188_990_201309.pdf
Women's Community Revitalization Project (WCRP),222840188,2012,https://projects.propublica.org/nonprofits/download-filing?path=2013_09_EO%2F22-2840188_990_201209.pdf
Women's Community Revitalization Project (WCRP),222840188,2011,https://projects.propublica.org/nonprofits/download-filing?path=2012_09_EO%2F22-2840188_990_201109.pdf
Women's Community Revitalization Project (WCRP),222840188,2010,https://projects.propublica.org/nonprofits/download-filing?path=2011_08_EO%2F22-2840188_990_201009.pdf
Women's Community Revitalization Project (WCRP),222840188,2009,https://projects.propublica.org/nonprofits/download-filing?path=2010_07_EO%2F22-2840188_990_200909.pdf
Women's Community Revitalization Project (WCRP),222840188,2008,https://projects.propublica.org/nonprofits/download-filing?path=2009_06_EO%2F22-2840188_990_200809.pdf
Women's Community Revitalization Project (WCRP),222840188,2007,https://projects.propublica.org/nonprofits/download-filing?path=2008_07_EO%2F22-2840188_990_200709.pdf
Women's Community Revitalization Project (WCRP),222840188,2006,https://projects.propublica.org/nonprofits/download-filing?path=2007_05_EO%2F22-2840188_990_200609.pdf
Women's Community Revitalization Project (WCRP),222840188,2005,https://projects.propublica.org/nonprofits/download-filing?path=2006_03_EO%2F22-2840188_990_200509.pdf
Women's Community Revitalization Project (WCRP),222840188,2004,https://projects.propublica.org/nonprofits/download-filing?path=2005_09_EO%2F22-2840188_990_200409.pdf
Women's Community Revitalization Project (WCRP),222840188,2003,https://projects.propublica.org/nonprofits/download-filing?path=2004_02_EO%2F22-2840188_990_200309.pdf
Women's Community Revitalization Project (WCRP),222840188,2002,https://projects.propublica.org/nonprofits/download-filing?path=2003_04_EO%2F22-2840188_990_200209.pdf
Women's Community Revitalization Project (WCRP),222840188,2001,https://projects.propublica.org/nonprofits/download-filing?path=2002_07_EO%2F22-2840188_990_200109.pdf
Wynnefield Overbrook Revitalization Corporation,830444104,2024,https://projects.propublica.org/nonprofits/download-filing?path=IRS%2F830444104_202412_990_2025082223666584.pdf
Wynnefield Overbrook Revitalization Corporation,830444104,2023,https://projects.propublica.org/nonprofits/download-filing?path=IRS%2F830444104_202312_990_2024061122516921.pdf
Wynnefield Overbrook Revitalization Corporation,830444104,2022,https://projects.propublica.org/nonprofits/download-filing?path=IRS%2F830444104_202212_990_2023082921575724.pdf
Wynnefield Overbrook Revitalization Corporation,830444104,2021,https://projects.propublica.org/nonprofits/download-filing?path=IRS%2F830444104_202112_990EZ_2023012620823272.pdf
Wynnefield Overbrook Revitalization Corporation,830444104,2020,https://projects.propublica.org/nonprofits/download-filing?path=download990pdf_04_2022_prefixes_82-85%2F830444104_202012_990EZ_2022040719834615.pdf
Wynnefield Overbrook Revitalization Corporation,830444104,2019,https://projects.propublica.org/nonprofits/download-filing?path=download990pdf_11_2021_prefixes_82-94%2F830444104_201912_990_2021110819128272.pdf
Wynnefield Overbrook Revitalization Corporation,830444104,2018,https://projects.propublica.org/nonprofits/download-filing?path=04_2019_prefixes_82-92%2F830444104_201812_990_2019042416240329.pdf
Wynnefield Overbrook Revitalization Corporation,830444104,2017,https://projects.propublica.org/nonprofits/download-filing?path=IRS%2F830444104_201712_990_2018061515424063.pdf
Wynnefield Overbrook Revitalization Corporation,830444104,2016,https://projects.propublica.org/nonprofits/download-filing?path=IRS%2F830444104_201612_990_2017070714555397.pdf
Wynnefield Overbrook Revitalization Corporation,830444104,2015,https://projects.propublica.org/nonprofits/download-filing?path=2016_05_EO%2F83-0444104_990_201512.pdf
Wynnefield Overbrook Revitalization Corporation,830444104,2014,https://projects.propublica.org/nonprofits/download-filing?path=2015_03_EO%2F83-0444104_990_201412.pdf
Wynnefield Overbrook Revitalization Corporation,830444104,2013,https://projects.propublica.org/nonprofits/download-filing?path=2014_06_EO%2F83-0444104_990_201312.pdf
Wynnefield Overbrook Revitalization Corporation,830444104,2012,https://projects.propublica.org/nonprofits/download-filing?path=2013_03_EO%2F83-0444104_990EZ_201212.pdf
Wynnefield Overbrook Revitalization Corporation,830444104,2011,https://projects.propublica.org/nonprofits/download-filing?path=2012_07_EO%2F83-0444104_990EZ_201112.pdf
Wynnefield Overbrook Revitalization Corporation,830444104,2010,https://projects.propublica.org/nonprofits/download-filing?path=2011_09_EO%2F83-0444104_990EZ_201012.pdf
Xiente,239233412,2024,https://projects.propublica.org/nonprofits/download-filing?path=IRS%2F239233412_202409_990_2026012023850876.pdf
Xiente,239233412,2023,https://projects.propublica.org/nonprofits/download-filing?path=IRS%2F239233412_202309_990_2024120622940982.pdf
Xiente,239233412,2022,https://projects.propublica.org/nonprofits/download-filing?path=download990pdf_11_2023_prefixes_23-25%2F239233412_202209_990_2023110621869097.pdf
Xiente,239233412,2021,https://projects.propublica.org/nonprofits/download-filing?path=IRS%2F239233412_202109_990_2022082920302564.pdf
Xiente,239233412,2019,https://projects.propublica.org/nonprofits/download-filing?path=10_2020_prefixes_23-26%2F239233412_201909_990_2020101317369362.pdf
Xiente,239233412,2018,https://projects.propublica.org/nonprofits/download-filing?path=10_2019_prefixes_23-26%2F239233412_201809_990_2019101816757675.pdf
Xiente,239233412,2017,https://projects.propublica.org/nonprofits/download-filing?path=10_2018_prefixes_23-26%2F239233412_201709_990_2018100515767911.pdf
Xiente,239233412,2016,https://projects.propublica.org/nonprofits/download-filing?path=IRS%2F239233412_201609_990_2017090814718732.pdf
Xiente,239233412,2015,https://projects.propublica.org/nonprofits/download-filing?path=2016_12_EO%2F23-9233412_990_201509.pdf
Xiente,239233412,2014,https://projects.propublica.org/nonprofits/download-filing?path=2015_09_EO%2F23-9233412_990_201409.pdf
Xiente,239233412,2013,https://projects.propublica.org/nonprofits/download-filing?path=2014_09_EO%2F23-9233412_990_201309.pdf
Xiente,239233412,2012,https://projects.propublica.org/nonprofits/download-filing?path=2013_12_EO%2F23-9233412_990_201209.pdf
Xiente,239233412,2011,https://projects.propublica.org/nonprofits/download-filing?path=2012_09_EO%2F23-9233412_990_201109.pdf
Xiente,239233412,2010,https://projects.propublica.org/nonprofits/download-filing?path=2013_06_EO%2F23-9233412_990_201009.pdf
Xiente,239233412,2009,https://projects.propublica.org/nonprofits/download-filing?path=2010_10_EO%2F23-9233412_990_200909.pdf
Xiente,239233412,2008,https://projects.propublica.org/nonprofits/download-filing?path=2009_09_EO%2F23-9233412_990_200809.pdf
Xiente,239233412,2007,https://projects.propublica.org/nonprofits/download-filing?path=2008_08_EO%2F23-9233412_990_200709.pdf
Xiente,239233412,2006,https://projects.propublica.org/nonprofits/download-filing?path=2007_08_EO%2F23-9233412_990_200609.pdf
Xiente,239233412,2005,https://projects.propublica.org/nonprofits/download-filing?path=2006_06_EO%2F23-9233412_990_200509.pdf
Xiente,239233412,2004,https://projects.propublica.org/nonprofits/download-filing?path=2005_07_EO%2F23-9233412_990_200409.pdf
Xiente,239233412,2003,https://projects.propublica.org/nonprofits/download-filing?path=2005_02_EO%2F23-9233412_990_200309.pdf
Xiente,239233412,2002,https://projects.propublica.org/nonprofits/download-filing?path=2003_07_EO%2F23-9233412_990_200209.pdf
Xiente,239233412,2001,https://projects.propublica.org/nonprofits/download-filing?path=2002_08_EO%2F23-9233412_990_200109.pdf
ACHIEVEability,232215980,2022,https://projects.propublica.org/nonprofits/download-filing?path=IRS%2F232215980_202206_990_2024041522362149.pdf
ACHIEVEability,232215980,2021,https://projects.propublica.org/nonprofits/download-filing?path=IRS%2F232215980_202106_990_2022052520138183.pdf
ACHIEVEability,232215980,2020,https://projects.propublica.org/nonprofits/download-filing?path=05_2021_prefixes_22-23%2F232215980_202006_990_2021051118085080.pdf
ACHIEVEability,232215980,2019,https://projects.propublica.org/nonprofits/download-filing?path=10_2020_prefixes_22-23%2F232215980_201906_990_2020102117397805.pdf
ACHIEVEability,232215980,2018,https://projects.propublica.org/nonprofits/download-filing?path=07_2019_prefixes_20-23%2F232215980_201806_990_2019071116476743.pdf
ACHIEVEability,232215980,2017,https://projects.propublica.org/nonprofits/download-filing?path=09_2018_prefixes_22-23%2F232215980_201706_990_2018090415648823.pdf
ACHIEVEability,232215980,2016,https://projects.propublica.org/nonprofits/download-filing?path=IRS%2F232215980_201606_990_2017093014789189.pdf
ACHIEVEability,232215980,2015,https://projects.propublica.org/nonprofits/download-filing?path=2016_08_EO%2F23-2215980_990_201506.pdf
ACHIEVEability,232215980,2014,https://projects.propublica.org/nonprofits/download-filing?path=2015_06_EO%2F23-2215980_990_201406.pdf
ACHIEVEability,232215980,2013,https://projects.propublica.org/nonprofits/download-filing?path=2014_06_EO%2F23-2215980_990_201306.pdf
ACHIEVEability,232215980,2012,https://projects.propublica.org/nonprofits/download-filing?path=2013_06_EO%2F23-2215980_990_201206.pdf
ACHIEVEability,232215980,2011,https://projects.propublica.org/nonprofits/download-filing?path=2012_06_EO%2F23-2215980_990_201106.pdf
ACHIEVEability,232215980,2010,https://projects.propublica.org/nonprofits/download-filing?path=2011_03_EO%2F23-2215980_990_201006.pdf
ACHIEVEability,232215980,2009,https://projects.propublica.org/nonprofits/download-filing?path=2010_07_EO%2F23-2215980_990_200906.pdf
ACHIEVEability,232215980,2008,https://projects.propublica.org/nonprofits/download-filing?path=2009_06_EO%2F23-2215980_990_200806.pdf
ACHIEVEability,232215980,2007,https://projects.propublica.org/nonprofits/download-filing?path=2008_01_EO%2F23-2215980_990_200706.pdf
ACHIEVEability,232215980,2006,https://projects.propublica.org/nonprofits/download-filing?path=2006_12_EO%2F23-2215980_990_200606.pdf
ACHIEVEability,232215980,2005,https://projects.propublica.org/nonprofits/download-filing?path=2005_12_EO%2F23-2215980_990_200506.pdf
ACHIEVEability,232215980,2004,https://projects.propublica.org/nonprofits/download-filing?path=2004_11_EO%2F23-2215980_990_200406.pdf
ACHIEVEability,232215980,2003,https://projects.propublica.org/nonprofits/download-filing?path=2003_10_EO%2F23-2215980_990_200306.pdf
ACHIEVEability,232215980,2002,https://projects.propublica.org/nonprofits/download-filing?path=2003_01_EO%2F23-2215980_990_200206.pdf
ACHIEVEability,232215980,2001,https://projects.propublica.org/nonprofits/download-filing?path=2002_01_EO%2F23-2215980_990_200106.pdf
Fairmount CDC,233094818,2022,https://projects.propublica.org/nonprofits/download-filing?path=download990pdf_06_2023_prefixes_22-25%2F233094818_202206_990_2023060721396230.pdf
Fairmount CDC,233094818,2021,https://projects.propublica.org/nonprofits/download-filing?path=IRS%2F233094818_202106_990_2022030919709377.pdf
Fairmount CDC,233094818,2020,https://projects.propublica.org/nonprofits/download-filing?path=04_2021_prefixes_23-23_1%2F233094818_202006_990_2021042117977544.pdf
Fairmount CDC,233094818,2019,https://projects.propublica.org/nonprofits/download-filing?path=08_2020_prefixes_20-23%2F233094818_201906_990_2020082117250038.pdf
Fairmount CDC,233094818,2018,https://projects.propublica.org/nonprofits/download-filing?path=IRS%2F233094818_201806_990_2019050216262157.pdf
Fairmount CDC,233094818,2017,https://projects.propublica.org/nonprofits/download-filing?path=02_2018_prefixes_21-23%2F233094818_201706_990_2018020515164391.pdf
Fairmount CDC,233094818,2016,https://projects.propublica.org/nonprofits/download-filing?path=2016_12_EO%2F23-3094818_990_201606.pdf
Fairmount CDC,233094818,2015,https://projects.propublica.org/nonprofits/download-filing?path=2015_12_EO%2F23-3094818_990_201506.pdf
Fairmount CDC,233094818,2014,https://projects.propublica.org/nonprofits/download-filing?path=2015_03_EO%2F23-3094818_990_201406.pdf
Fairmount CDC,233094818,2013,https://projects.propublica.org/nonprofits/download-filing?path=2014_02_EO%2F23-3094818_990_201306.pdf
Fairmount CDC,233094818,2012,https://projects.propublica.org/nonprofits/download-filing?path=2013_06_EO%2F23-3094818_990_201206.pdf
Fairmount CDC,233094818,2011,https://projects.propublica.org/nonprofits/download-filing?path=2012_04_EO%2F23-3094818_990_201106.pdf
Fairmount CDC,233094818,2010,https://projects.propublica.org/nonprofits/download-filing?path=2011_03_EO%2F23-3094818_990_201006.pdf
Fairmount CDC,233094818,2009,https://projects.propublica.org/nonprofits/download-filing?path=2010_02_EO%2F23-3094818_990_200906.pdf
Fairmount CDC,233094818,2008,https://projects.propublica.org/nonprofits/download-filing?path=2009_02_EO%2F23-3094818_990_200806.pdf
Fairmount CDC,233094818,2007,https://projects.propublica.org/nonprofits/download-filing?path=2008_01_EO%2F23-3094818_990_200706.pdf
Fairmount CDC,233094818,2006,https://projects.propublica.org/nonprofits/download-filing?path=2006_11_EO%2F23-3094818_990_200606.pdf
Fairmount CDC,233094818,2005,https://projects.propublica.org/nonprofits/download-filing?path=2005_12_EO%2F23-3094818_990_200506.pdf
Fairmount CDC,233094818,2004,https://projects.propublica.org/nonprofits/download-filing?path=2004_10_EO%2F23-3094818_990_200406.pdf
Fairmount CDC,233094818,2003,https://projects.propublica.org/nonprofits/download-filing?path=2003_09_EO%2F23-3094818_990EZ_200306.pdf
Francisville Neighborhood Development Corporation,571164331,2023,https://projects.propublica.org/nonprofits/download-filing?path=IRS%2F571164331_202312_990_2025041023347250.pdf
Francisville Neighborhood Development Corporation,571164331,2022,https://projects.propublica.org/nonprofits/download-filing?path=IRS%2F571164331_202212_990_2024121122947260.pdf
Francisville Neighborhood Development Corporation,571164331,2021,https://projects.propublica.org/nonprofits/download-filing?path=IRS%2F571164331_202112_990_2023060121341682.pdf
Francisville Neighborhood Development Corporation,571164331,2017,https://projects.propublica.org/nonprofits/download-filing?path=07_2019_prefixes_56-59%2F571164331_201712_990_2019070516464280.pdf
Francisville Neighborhood Development Corporation,571164331,2016,https://projects.propublica.org/nonprofits/download-filing?path=12_2019_prefixes_54-58%2F571164331_201612_990_2019120916936972.pdf
Francisville Neighborhood Development Corporation,571164331,2015,https://projects.propublica.org/nonprofits/download-filing?path=07_2018_prefixes_52-58%2F571164331_201512_990_2018072515534136.pdf
Francisville Neighborhood Development Corporation,571164331,2014,https://projects.propublica.org/nonprofits/download-filing?path=2016_01_EO%2F13-110318_19130_571164331.pdf
Francisville Neighborhood Development Corporation,571164331,2013,https://projects.propublica.org/nonprofits/download-filing?path=2014_12_EO%2F57-1164331_990_201312.pdf
Francisville Neighborhood Development Corporation,571164331,2012,https://projects.propublica.org/nonprofits/download-filing?path=2014_01_EO%2F57-1164331_990_201212.pdf
Francisville Neighborhood Development Corporation,571164331,2011,https://projects.propublica.org/nonprofits/download-filing?path=2012_12_EO%2F57-1164331_990_201112.pdf
Francisville Neighborhood Development Corporation,571164331,2010,https://projects.propublica.org/nonprofits/download-filing?path=2011_10_EO%2F57-1164331_990_201012.pdf
Francisville Neighborhood Development Corporation,571164331,2009,https://projects.propublica.org/nonprofits/download-filing?path=2010_08_EO%2F57-1164331_990EZ_200912.pdf
Francisville Neighborhood Development Corporation,571164331,2008,https://projects.propublica.org/nonprofits/download-filing?path=2009_09_EO%2F57-1164331_990EZ_200812.pdf
Mayfair CDC,233062736,2023,https://projects.propublica.org/nonprofits/download-filing?path=IRS%2F233062736_202312_990EZ_2025012323039675.pdf
Mayfair CDC,233062736,2022,https://projects.propublica.org/nonprofits/download-filing?path=download990pdf_09_2023_prefixes_22-25%2F233062736_202212_990EZ_2023091121663986.pdf
Mayfair CDC,233062736,2021,https://projects.propublica.org/nonprofits/download-filing?path=download990pdf_09_2022_prefixes_01-47%2F233062736_202112_990EZ_2022090120322469.pdf
Mayfair CDC,233062736,2019,https://projects.propublica.org/nonprofits/download-filing?path=05_2021_prefixes_23-23%2F233062736_201912_990EZ_2021051918144318.pdf
Mayfair CDC,233062736,2018,https://projects.propublica.org/nonprofits/download-filing?path=02_2020_prefixes_22-23%2F233062736_201812_990EZ_2020021317142588.pdf
Mayfair CDC,233062736,2017,https://projects.propublica.org/nonprofits/download-filing?path=02_2019_prefixes_23-23%2F233062736_201712_990EZ_2019020916079669.pdf
Mayfair CDC,233062736,2016,https://projects.propublica.org/nonprofits/download-filing?path=12_2017_prefixes_23-23%2F233062736_201612_990EZ_2017122615048190.pdf
Mayfair CDC,233062736,2015,https://projects.propublica.org/nonprofits/download-filing?path=2016_09_EO%2F23-3062736_990EZ_201512.pdf
Mayfair CDC,233062736,2014,https://projects.propublica.org/nonprofits/download-filing?path=2016_01_EO%2F13-138277_19149_233062736.pdf
Mayfair CDC,233062736,2013,https://projects.propublica.org/nonprofits/download-filing?path=2014_09_EO%2F23-3062736_990EZ_201312.pdf
Mayfair CDC,233062736,2012,https://projects.propublica.org/nonprofits/download-filing?path=2013_12_EO%2F23-3062736_990EZ_201212.pdf
Mayfair CDC,233062736,2011,https://projects.propublica.org/nonprofits/download-filing?path=2012_12_EO%2F23-3062736_990EZ_201112.pdf
Mayfair CDC,233062736,2010,https://projects.propublica.org/nonprofits/download-filing?path=2011_12_EO%2F23-3062736_990_201012.pdf
Mayfair CDC,233062736,2009,https://projects.propublica.org/nonprofits/download-filing?path=2010_12_EO%2F23-3062736_990_200912.pdf
Mayfair CDC,233062736,2008,https://projects.propublica.org/nonprofits/download-filing?path=2009_10_EO%2F23-3062736_990_200812.pdf
Mayfair CDC,233062736,2007,https://projects.propublica.org/nonprofits/download-filing?path=2008_12_EO%2F23-3062736_990_200712.pdf
Mayfair CDC,233062736,2006,https://projects.propublica.org/nonprofits/download-filing?path=2007_12_EO%2F23-3062736_990_200612.pdf
Mayfair CDC,233062736,2005,https://projects.propublica.org/nonprofits/download-filing?path=2006_12_EO%2F23-3062736_990_200512.pdf
Mayfair CDC,233062736,2004,https://projects.propublica.org/nonprofits/download-filing?path=2006_01_EO%2F23-3062736_990_200412.pdf
South of South Neighborhood Association,232555347,2022,https://projects.propublica.org/nonprofits/download-filing?path=download990pdf_12_2023_prefixes_22-23%2F232555347_202212_990_2023120522066553.pdf
South of South Neighborhood Association,232555347,2020,https://projects.propublica.org/nonprofits/download-filing?path=05_2021_prefixes_22-23%2F232555347_202012_990_2021052618206145.pdf
South of South Neighborhood Association,232555347,2019,https://projects.propublica.org/nonprofits/download-filing?path=02_2021_prefixes_22-23%2F232555347_201912_990_2021021817719281.pdf
South of South Neighborhood Association,232555347,2018,https://projects.propublica.org/nonprofits/download-filing?path=01_2020_prefixes_22-23%2F232555347_201812_990_2020012417067877.pdf
South of South Neighborhood Association,232555347,2016,https://projects.propublica.org/nonprofits/download-filing?path=01_2018_prefixes_23-23%2F232555347_201612_990_2018011115117646.pdf
South of South Neighborhood Association,232555347,2015,https://projects.propublica.org/nonprofits/download-filing?path=2017_03_EO%2F23-2555347_990_201512.pdf
South of South Neighborhood Association,232555347,2014,https://projects.propublica.org/nonprofits/download-filing?path=2016_02_EO%2F23-2555347_990_201412.pdf
South of South Neighborhood Association,232555347,2013,https://projects.propublica.org/nonprofits/download-filing?path=2014_12_EO%2F23-2555347_990EZ_201312.pdf
South of South Neighborhood Association,232555347,2012,https://projects.propublica.org/nonprofits/download-filing?path=2014_01_EO%2F23-2555347_990EZ_201212.pdf
South of South Neighborhood Association,232555347,2011,https://projects.propublica.org/nonprofits/download-filing?path=2012_12_EO%2F23-2555347_990EZ_201112.pdf
South of South Neighborhood Association,232555347,2010,https://projects.propublica.org/nonprofits/download-filing?path=2011_09_EO%2F23-2555347_990EZ_201012.pdf
South of South Neighborhood Association,232555347,2009,https://projects.propublica.org/nonprofits/download-filing?path=2010_09_EO%2F23-2555347_990EZ_200912.pdf
South of South Neighborhood Association,232555347,2008,https://projects.propublica.org/nonprofits/download-filing?path=2009_12_EO%2F23-2555347_990EZ_200812.pdf
South of South Neighborhood Association,232555347,2007,https://projects.propublica.org/nonprofits/download-filing?path=2008_12_EO%2F23-2555347_990_200712.pdf
South of South Neighborhood Association,232555347,2006,https://projects.propublica.org/nonprofits/download-filing?path=2008_07_EO%2F23-2555347_990_200612.pdf
South of South Neighborhood Association,232555347,2005,https://projects.propublica.org/nonprofits/download-filing?path=2006_12_EO%2F23-2555347_990_200512.pdf
South of South Neighborhood Association,232555347,2004,https://projects.propublica.org/nonprofits/download-filing?path=2005_12_EO%2F23-2555347_990_200412.pdf
South of South Neighborhood Association,232555347,2003,https://projects.propublica.org/nonprofits/download-filing?path=2004_09_EO%2F23-2555347_990_200312.pdf
South of South Neighborhood Association,232555347,2002,https://projects.propublica.org/nonprofits/download-filing?path=2003_12_EO%2F23-2555347_990_200212.pdf
South of South Neighborhood Association,232555347,2001,https://projects.propublica.org/nonprofits/download-filing?path=2002_12_EO%2F23-2555347_990_200112.pdf
Spring Garden CDC,232772462,2022,https://projects.propublica.org/nonprofits/download-filing?path=download990pdf_01_2024_prefixes_22-23%2F232772462_202212_990_2024010422169833.pdf
Spring Garden CDC,232772462,2021,https://projects.propublica.org/nonprofits/download-filing?path=IRS%2F232772462_202112_990_2023051121212443.pdf
Spring Garden CDC,232772462,2020,https://projects.propublica.org/nonprofits/download-filing?path=download990pdf_10_2022_prefixes_23-26%2F232772462_202012_990_2022102520541900.pdf
Spring Garden CDC,232772462,2019,https://projects.propublica.org/nonprofits/download-filing?path=04_2021_prefixes_23-23_1%2F232772462_201912_990_2021040117848424.pdf
Spring Garden CDC,232772462,2018,https://projects.propublica.org/nonprofits/download-filing?path=02_2020_prefixes_22-23%2F232772462_201812_990_2020021217140085.pdf
Spring Garden CDC,232772462,2017,https://projects.propublica.org/nonprofits/download-filing?path=02_2019_prefixes_23-23%2F232772462_201712_990_2019022516125750.pdf
Spring Garden CDC,232772462,2016,https://projects.propublica.org/nonprofits/download-filing?path=01_2018_prefixes_23-23%2F232772462_201612_990_2018010615092405.pdf
Spring Garden CDC,232772462,2015,https://projects.propublica.org/nonprofits/download-filing?path=2016_12_EO%2F23-2772462_990_201512.pdf
Spring Garden CDC,232772462,2014,https://projects.propublica.org/nonprofits/download-filing?path=2015_12_EO%2F23-2772462_990_201412.pdf
Spring Garden CDC,232772462,2013,https://projects.propublica.org/nonprofits/download-filing?path=2014_12_EO%2F23-2772462_990_201312.pdf
Spring Garden CDC,232772462,2012,https://projects.propublica.org/nonprofits/download-filing?path=2013_12_EO%2F23-2772462_990_201212.pdf
Spring Garden CDC,232772462,2011,https://projects.propublica.org/nonprofits/download-filing?path=2012_12_EO%2F23-2772462_990_201112.pdf
Spring Garden CDC,232772462,2010,https://projects.propublica.org/nonprofits/download-filing?path=2011_12_EO%2F23-2772462_990_201012.pdf
Spring Garden CDC,232772462,2009,https://projects.propublica.org/nonprofits/download-filing?path=2011_01_EO%2F23-2772462_990_200912.pdf
Spring Garden CDC,232772462,2008,https://projects.propublica.org/nonprofits/download-filing?path=2009_12_EO%2F23-2772462_990_200812.pdf
Spring Garden CDC,232772462,2007,https://projects.propublica.org/nonprofits/download-filing?path=2008_11_EO%2F23-2772462_990_200712.pdf
Spring Garden CDC,232772462,2006,https://projects.propublica.org/nonprofits/download-filing?path=2008_11_EO%2F23-2772462_990_200612.pdf
Spring Garden CDC,232772462,2005,https://projects.propublica.org/nonprofits/download-filing?path=2006_12_EO%2F23-2772462_990_200512.pdf
Spring Garden CDC,232772462,2004,https://projects.propublica.org/nonprofits/download-filing?path=2005_12_EO%2F23-2772462_990_200412.pdf
Spring Garden CDC,232772462,2003,https://projects.propublica.org/nonprofits/download-filing?path=2004_12_EO%2F23-2772462_990_200312.pdf
Spring Garden CDC,232772462,2002,https://projects.propublica.org/nonprofits/download-filing?path=2003_12_EO%2F23-2772462_990_200212.pdf
Spring Garden CDC,232772462,2001,https://projects.propublica.org/nonprofits/download-filing?path=2002_09_EO%2F23-2772462_990_200112.pdf
Allegheny West Foundation,231924667,2024,https://projects.propublica.org/nonprofits/download-filing?path=IRS%2F231924667_202406_990_2025081423650463.pdf
Allegheny West Foundation,231924667,2023,https://projects.propublica.org/nonprofits/download-filing?path=IRS%2F231924667_202306_990_2025081423664171.pdf
Allegheny West Foundation,231924667,2022,https://projects.propublica.org/nonprofits/download-filing?path=IRS%2F231924667_202206_990_2023060721397367.pdf
Allegheny West Foundation,231924667,2020,https://projects.propublica.org/nonprofits/download-filing?path=05_2021_prefixes_22-23%2F231924667_202006_990_2021051818121762.pdf
Allegheny West Foundation,231924667,2019,https://projects.propublica.org/nonprofits/download-filing?path=02_2021_prefixes_22-23%2F231924667_201906_990_2021021717716258.pdf
Allegheny West Foundation,231924667,2018,https://projects.propublica.org/nonprofits/download-filing?path=02_2021_prefixes_22-23%2F231924667_201806_990_2021021717715062.pdf
Allegheny West Foundation,231924667,2017,https://projects.propublica.org/nonprofits/download-filing?path=09_2018_prefixes_22-23%2F231924667_201706_990_2018091215683910.pdf
Allegheny West Foundation,231924667,2016,https://projects.propublica.org/nonprofits/download-filing?path=IRS%2F231924667_201606_990_2017092114760311.pdf
Allegheny West Foundation,231924667,2015,https://projects.propublica.org/nonprofits/download-filing?path=2016_03_EO%2F23-1924667_990_201506.pdf
Allegheny West Foundation,231924667,2014,https://projects.propublica.org/nonprofits/download-filing?path=2015_03_EO%2F23-1924667_990_201406.pdf
Allegheny West Foundation,231924667,2013,https://projects.propublica.org/nonprofits/download-filing?path=2014_02_EO%2F23-1924667_990_201306.pdf
Allegheny West Foundation,231924667,2012,https://projects.propublica.org/nonprofits/download-filing?path=2013_04_EO%2F23-1924667_990_201206.pdf
Allegheny West Foundation,231924667,2011,https://projects.propublica.org/nonprofits/download-filing?path=2012_05_EO%2F23-1924667_990_201106.pdf
Allegheny West Foundation,231924667,2010,https://projects.propublica.org/nonprofits/download-filing?path=2011_04_EO%2F23-1924667_990_201006.pdf
Allegheny West Foundation,231924667,2009,https://projects.propublica.org/nonprofits/download-filing?path=2010_01_EO%2F23-1924667_990_200906.pdf
Allegheny West Foundation,231924667,2008,https://projects.propublica.org/nonprofits/download-filing?path=2009_03_EO%2F23-1924667_990_200806.pdf
Allegheny West Foundation,231924667,2007,https://projects.propublica.org/nonprofits/download-filing?path=2008_02_EO%2F23-1924667_990_200706.pdf
Allegheny West Foundation,231924667,2006,https://projects.propublica.org/nonprofits/download-filing?path=2007_04_EO%2F23-1924667_990_200606.pdf
Allegheny West Foundation,231924667,2005,https://projects.propublica.org/nonprofits/download-filing?path=2006_03_EO%2F23-1924667_990_200506.pdf
Allegheny West Foundation,231924667,2004,https://projects.propublica.org/nonprofits/download-filing?path=2005_01_EO%2F23-1924667_990_200406.pdf
Allegheny West Foundation,231924667,2003,https://projects.propublica.org/nonprofits/download-filing?path=2003_12_EO%2F23-1924667_990_200306.pdf
Allegheny West Foundation,231924667,2002,https://projects.propublica.org/nonprofits/download-filing?path=2002_11_EO%2F23-1924667_990_200206.pdf
Village of Arts and Humanities,223045318,2024,https://projects.propublica.org/nonprofits/download-filing?path=IRS%2F223045318_202406_990_2025042523390796.pdf
Village of Arts and Humanities,223045318,2023,https://projects.propublica.org/nonprofits/download-filing?path=IRS%2F223045318_202306_990_2025041123352965.pdf
Village of Arts and Humanities,223045318,2021,https://projects.propublica.org/nonprofits/download-filing?path=IRS%2F223045318_202106_990_2023060121342661.pdf
Village of Arts and Humanities,223045318,2019,https://projects.propublica.org/nonprofits/download-filing?path=12_2020_prefixes_14-23%2F223045318_201906_990_2020121617480069.pdf
Village of Arts and Humanities,223045318,2018,https://projects.propublica.org/nonprofits/download-filing?path=08_2019_prefixes_20-22%2F223045318_201806_990_2019080916557405.pdf
Village of Arts and Humanities,223045318,2017,https://projects.propublica.org/nonprofits/download-filing?path=10_2018_prefixes_22-23%2F223045318_201706_990_2018101715801934.pdf
Village of Arts and Humanities,223045318,2016,https://projects.propublica.org/nonprofits/download-filing?path=IRS%2F223045318_201606_990_2017080914626585.pdf
Village of Arts and Humanities,223045318,2015,https://projects.propublica.org/nonprofits/download-filing?path=2016_08_EO%2F22-3045318_990_201506.pdf
Village of Arts and Humanities,223045318,2014,https://projects.propublica.org/nonprofits/download-filing?path=2015_03_EO%2F22-3045318_990_201406.pdf
Village of Arts and Humanities,223045318,2013,https://projects.propublica.org/nonprofits/download-filing?path=2014_07_EO%2F22-3045318_990_201306.pdf
Village of Arts and Humanities,223045318,2012,https://projects.propublica.org/nonprofits/download-filing?path=2013_02_EO%2F22-3045318_990_201206.pdf
Village of Arts and Humanities,223045318,2011,https://projects.propublica.org/nonprofits/download-filing?path=2012_02_EO%2F22-3045318_990_201106.pdf
Village of Arts and Humanities,223045318,2010,https://projects.propublica.org/nonprofits/download-filing?path=2011_03_EO%2F22-3045318_990_201006.pdf
Village of Arts and Humanities,223045318,2009,https://projects.propublica.org/nonprofits/download-filing?path=2010_03_EO%2F22-3045318_990_200906.pdf
Village of Arts and Humanities,223045318,2008,https://projects.propublica.org/nonprofits/download-filing?path=2009_03_EO%2F22-3045318_990_200806.pdf
Village of Arts and Humanities,223045318,2007,https://projects.propublica.org/nonprofits/download-filing?path=2008_01_EO%2F22-3045318_990_200706.pdf
Village of Arts and Humanities,223045318,2006,https://projects.propublica.org/nonprofits/download-filing?path=2007_01_EO%2F22-3045318_990_200608.pdf
Village of Arts and Humanities,223045318,2005,https://projects.propublica.org/nonprofits/download-filing?path=2006_01_EO%2F22-3045318_990_200508.pdf
Village of Arts and Humanities,223045318,2004,https://projects.propublica.org/nonprofits/download-filing?path=2005_03_EO%2F22-3045318_990_200408.pdf
Village of Arts and Humanities,223045318,2003,https://projects.propublica.org/nonprofits/download-filing?path=2004_01_EO%2F22-3045318_990_200308.pdf
Village of Arts and Humanities,223045318,2002,https://projects.propublica.org/nonprofits/download-filing?path=2003_05_EO%2F22-3045318_990_200208.pdf
Village of Arts and Humanities,223045318,2001,https://projects.propublica.org/nonprofits/download-filing?path=2002_07_EO%2F22-3045318_990_200108.pdf
Advocate Community Development Corporation,231706238,2005,https://projects.propublica.org/nonprofits/download-filing?path=2006_11_EO%2F23-1706238_990_200512.pdf
Advocate Community Development Corporation,231706238,2004,https://projects.propublica.org/nonprofits/download-filing?path=2005_12_EO%2F23-1706238_990_200412.pdf
Advocate Community Development Corporation,231706238,2003,https://projects.propublica.org/nonprofits/download-filing?path=2005_07_EO%2F23-1706238_990_200312.pdf
Advocate Community Development Corporation,231706238,2002,https://projects.propublica.org/nonprofits/download-filing?path=2005_04_EO%2F23-1706238_990_200212.pdf
Advocate Community Development Corporation,231706238,2001,https://projects.propublica.org/nonprofits/download-filing?path=2002_12_EO%2F23-1706238_990_200112.pdf
Faith CDC,043673651,2024,https://projects.propublica.org/nonprofits/download-filing?path=IRS%2F043673651_202412_990_2025081423662001.pdf
Faith CDC,043673651,2023,https://projects.propublica.org/nonprofits/download-filing?path=IRS%2F043673651_202312_990_2025013123054801.pdf
Faith CDC,043673651,2021,https://projects.propublica.org/nonprofits/download-filing?path=IRS%2F043673651_202112_990_2023051921271913.pdf
Faith CDC,043673651,2020,https://projects.propublica.org/nonprofits/download-filing?path=05_2021_prefixes_04-06%2F043673651_202012_990_2021052118161633.pdf
Faith CDC,043673651,2019,https://projects.propublica.org/nonprofits/download-filing?path=10_2020_prefixes_04-13%2F043673651_201912_990_2020102117395352.pdf
Faith CDC,043673651,2017,https://projects.propublica.org/nonprofits/download-filing?path=07_2018_prefixes_01-11%2F043673651_201712_990_2018073015548960.pdf
Faith CDC,043673651,2016,https://projects.propublica.org/nonprofits/download-filing?path=IRS%2F043673651_201612_990_2017090114697285.pdf
Faith CDC,043673651,2015,https://projects.propublica.org/nonprofits/download-filing?path=2016_11_EO%2F04-3673651_990_201512.pdf
Faith CDC,043673651,2014,https://projects.propublica.org/nonprofits/download-filing?path=2015_08_EO%2F04-3673651_990_201412.pdf
Faith CDC,043673651,2013,https://projects.propublica.org/nonprofits/download-filing?path=2014_09_EO%2F04-3673651_990_201312.pdf
Faith CDC,043673651,2012,https://projects.propublica.org/nonprofits/download-filing?path=2013_08_EO%2F04-3673651_990_201212.pdf
Faith CDC,043673651,2011,https://projects.propublica.org/nonprofits/download-filing?path=2012_10_EO%2F04-3673651_990_201112.pdf
Faith CDC,043673651,2010,https://projects.propublica.org/nonprofits/download-filing?path=2011_11_EO%2F04-3673651_990_201012.pdf
Faith CDC,043673651,2009,https://projects.propublica.org/nonprofits/download-filing?path=2010_06_EO%2F04-3673651_990_200912.pdf
Faith CDC,043673651,2007,https://projects.propublica.org/nonprofits/download-filing?path=2008_07_EO%2F04-3673651_990O_200712.pdf
Faith CDC,043673651,2006,https://projects.propublica.org/nonprofits/download-filing?path=2007_05_EO%2F04-3673651_990EO_200612.pdf
Faith CDC,043673651,2005,https://projects.propublica.org/nonprofits/download-filing?path=2006_07_EO%2F04-3673651_990EO_200512.pdf
Faith CDC,043673651,2004,https://projects.propublica.org/nonprofits/download-filing?path=2006_07_EO%2F04-3673651_990EO_200412.pdf
Faith CDC,043673651,2003,https://projects.propublica.org/nonprofits/download-filing?path=2007_01_EO%2F04-3673651_990R_200312.pdf
Faith CDC,043673651,2002,https://projects.propublica.org/nonprofits/download-filing?path=2003_11_EO%2F04-3673651_990_200212.pdf
Greater Germantown Housing Development Corporation,232024975,2021,https://projects.propublica.org/nonprofits/download-filing?path=05_2021_prefixes_22-23%2F232024975_202102_990_2021052118162582.pdf
Greater Germantown Housing Development Corporation,232024975,2020,https://projects.propublica.org/nonprofits/download-filing?path=10_2020_prefixes_22-23%2F232024975_202006_990_2020103017408966.pdf
Greater Germantown Housing Development Corporation,232024975,2019,https://projects.propublica.org/nonprofits/download-filing?path=10_2019_prefixes_22-23%2F232024975_201906_990_2019103116802382.pdf
Greater Germantown Housing Development Corporation,232024975,2018,https://projects.propublica.org/nonprofits/download-filing?path=04_2019_prefixes_20-23%2F232024975_201806_990_2019042516243011.pdf
Greater Germantown Housing Development Corporation,232024975,2014,https://projects.propublica.org/nonprofits/download-filing?path=2014_10_EO%2F23-2024975_990_201406.pdf
Greater Germantown Housing Development Corporation,232024975,2013,https://projects.propublica.org/nonprofits/download-filing?path=2013_11_EO%2F23-2024975_990_201306.pdf
Greater Germantown Housing Development Corporation,232024975,2012,https://projects.propublica.org/nonprofits/download-filing?path=2012_09_EO%2F23-2024975_990_201206.pdf
Greater Germantown Housing Development Corporation,232024975,2011,https://projects.propublica.org/nonprofits/download-filing?path=2012_07_EO%2F23-2024975_990_201106.pdf
Greater Germantown Housing Development Corporation,232024975,2009,https://projects.propublica.org/nonprofits/download-filing?path=2010_10_EO%2F23-2024975_990_200906.pdf
Greater Germantown Housing Development Corporation,232024975,2008,https://projects.propublica.org/nonprofits/download-filing?path=2010_10_EO%2F23-2024975_990_200806.pdf
Greater Germantown Housing Development Corporation,232024975,2007,https://projects.propublica.org/nonprofits/download-filing?path=2009_04_EO%2F23-2024975_990O_200706.pdf
Greater Germantown Housing Development Corporation,232024975,2005,https://projects.propublica.org/nonprofits/download-filing?path=2006_04_EO%2F23-2024975_990O_200506.pdf
Greater Germantown Housing Development Corporation,232024975,2004,https://projects.propublica.org/nonprofits/download-filing?path=2005_04_EO%2F23-2024975_990O_200406.pdf
Greater Germantown Housing Development Corporation,232024975,2003,https://projects.propublica.org/nonprofits/download-filing?path=2005_04_EO%2F23-2024975_990O_200306.pdf
Greater Germantown Housing Development Corporation,232024975,2002,https://projects.propublica.org/nonprofits/download-filing?path=2005_04_EO%2F23-2024975_990O_200206.pdf
Greater Germantown Housing Development Corporation,232024975,2001,https://projects.propublica.org/nonprofits/download-filing?path=2006_09_EO%2F23-2024975_990_200106.pdf
Hunting Park Community Development Corporation,264300365,2023,https://projects.propublica.org/nonprofits/download-filing?path=download990pdf_05_2024_prefixes_26-27%2F264300365_202306_990_2024050722385265.pdf
Hunting Park Community Development Corporation,264300365,2022,https://projects.propublica.org/nonprofits/download-filing?path=download990pdf_06_2023_prefixes_25-31%2F264300365_202206_990_2023060921428348.pdf
Hunting Park Community Development Corporation,264300365,2021,https://projects.propublica.org/nonprofits/download-filing?path=IRS%2F264300365_202106_990_2022052420132473.pdf
Hunting Park Community Development Corporation,264300365,2020,https://projects.propublica.org/nonprofits/download-filing?path=05_2021_prefixes_26-27%2F264300365_202006_990_2021052518189463.pdf
Hunting Park Community Development Corporation,264300365,2019,https://projects.propublica.org/nonprofits/download-filing?path=09_2020_prefixes_26-27%2F264300365_201906_990_2020090317280744.pdf
Hunting Park Community Development Corporation,264300365,2018,https://projects.propublica.org/nonprofits/download-filing?path=05_2019_prefixes_26-27%2F264300365_201806_990_2019051516303804.pdf
Hunting Park Community Development Corporation,264300365,2017,https://projects.propublica.org/nonprofits/download-filing?path=IRS%2F264300365_201706_990_2018030215197206.pdf
Hunting Park Community Development Corporation,264300365,2016,https://projects.propublica.org/nonprofits/download-filing?path=IRS%2F264300365_201606_990_2017070714554736.pdf
Hunting Park Community Development Corporation,264300365,2015,https://projects.propublica.org/nonprofits/download-filing?path=2016_07_EO%2F26-4300365_990_201506.pdf
Hunting Park Community Development Corporation,264300365,2014,https://projects.propublica.org/nonprofits/download-filing?path=2015_03_EO%2F26-4300365_990_201406.pdf
Hunting Park Community Development Corporation,264300365,2013,https://projects.propublica.org/nonprofits/download-filing?path=2014_06_EO%2F26-4300365_990_201306.pdf
Hunting Park Community Development Corporation,264300365,2012,https://projects.propublica.org/nonprofits/download-filing?path=2013_04_EO%2F26-4300365_990_201206.pdf
Hunting Park Community Development Corporation,264300365,2011,https://projects.propublica.org/nonprofits/download-filing?path=2012_06_EO%2F26-4300365_990_201106.pdf
Hunting Park Community Development Corporation,264300365,2010,https://projects.propublica.org/nonprofits/download-filing?path=2011_06_EO%2F26-4300365_990_201006.pdf
Hunting Park Community Development Corporation,264300365,2009,https://projects.propublica.org/nonprofits/download-filing?path=2010_07_EO%2F26-4300365_990_200906.pdf
Mt. Airy Village Development Corporation,260898815,2025,https://projects.propublica.org/nonprofits/download-filing?path=IRS%2F260898815_202506_990_2026031123999050.pdf
Mt. Airy Village Development Corporation,260898815,2024,https://projects.propublica.org/nonprofits/download-filing?path=IRS%2F260898815_202406_990_2025021123090227.pdf
Mt. Airy Village Development Corporation,260898815,2023,https://projects.propublica.org/nonprofits/download-filing?path=download990pdf_05_2024_prefixes_26-27%2F260898815_202306_990_2024051722394777.pdf
Mt. Airy Village Development Corporation,260898815,2022,https://projects.propublica.org/nonprofits/download-filing?path=IRS%2F260898815_202206_990_2023060721399761.pdf
Mt. Airy Village Development Corporation,260898815,2013,https://projects.propublica.org/nonprofits/download-filing?path=2014_06_EO%2F26-0898815_990_201306.pdf
Mt. Airy Village Development Corporation,260898815,2012,https://projects.propublica.org/nonprofits/download-filing?path=2013_05_EO%2F26-0898815_990_201206.pdf
Mt. Airy Village Development Corporation,260898815,2011,https://projects.propublica.org/nonprofits/download-filing?path=2012_06_EO%2F26-0898815_990_201106.pdf
Mt. Airy Village Development Corporation,260898815,2010,https://projects.propublica.org/nonprofits/download-filing?path=2011_12_EO%2F26-0898815_990_201012.pdf
Mt. Airy Village Development Corporation,260898815,2009,https://projects.propublica.org/nonprofits/download-filing?path=2010_12_EO%2F26-0898815_990_200912.pdf
Mt. Airy Village Development Corporation,260898815,2008,https://projects.propublica.org/nonprofits/download-filing?path=2009_12_EO%2F26-0898815_990EZ_200812.pdf
West Oak Lane CDC,232142704,2022,https://projects.propublica.org/nonprofits/download-filing?path=IRS%2F232142704_202206_990_2023061221444534.pdf
West Oak Lane CDC,232142704,2021,https://projects.propublica.org/nonprofits/download-filing?path=IRS%2F232142704_202106_990_2023020320899895.pdf
West Oak Lane CDC,232142704,2020,https://projects.propublica.org/nonprofits/download-filing?path=download990pdf_04_2022_prefixes_23-26%2F232142704_202006_990_2022042319942235.pdf
West Oak Lane CDC,232142704,2019,https://projects.propublica.org/nonprofits/download-filing?path=download990pdf_12_2021_prefixes_22-27%2F232142704_201906_990_2021121419317727.pdf
West Oak Lane CDC,232142704,2018,https://projects.propublica.org/nonprofits/download-filing?path=03_2019_prefixes_22-23%2F232142704_201806_990_2019032116184424.pdf
West Oak Lane CDC,232142704,2016,https://projects.propublica.org/nonprofits/download-filing?path=IRS%2F232142704_201606_990EZ_2017090814717028.pdf
West Oak Lane CDC,232142704,2015,https://projects.propublica.org/nonprofits/download-filing?path=2016_07_EO%2F23-2142704_990EZ_201506.pdf
West Oak Lane CDC,232142704,2014,https://projects.propublica.org/nonprofits/download-filing?path=2015_06_EO%2F23-2142704_990EZ_201406.pdf
West Oak Lane CDC,232142704,2013,https://projects.propublica.org/nonprofits/download-filing?path=2014_06_EO%2F23-2142704_990EZ_201306.pdf
West Oak Lane CDC,232142704,2012,https://projects.propublica.org/nonprofits/download-filing?path=2013_06_EO%2F23-2142704_990_201206.pdf
West Oak Lane CDC,232142704,2010,https://projects.propublica.org/nonprofits/download-filing?path=2011_06_EO%2F23-2142704_990EZ_201006.pdf
West Oak Lane CDC,232142704,2009,https://projects.propublica.org/nonprofits/download-filing?path=2010_07_EO%2F23-2142704_990EZ_200906.pdf
West Oak Lane CDC,232142704,2008,https://projects.propublica.org/nonprofits/download-filing?path=2010_08_EO%2F23-2142704_990_200806.pdf
West Oak Lane CDC,232142704,2007,https://projects.propublica.org/nonprofits/download-filing?path=2008_07_EO%2F23-2142704_990_200706.pdf
West Oak Lane CDC,232142704,2006,https://projects.propublica.org/nonprofits/download-filing?path=2007_04_EO%2F23-2142704_990_200606.pdf
West Oak Lane CDC,232142704,2005,https://projects.propublica.org/nonprofits/download-filing?path=2006_06_EO%2F23-2142704_990_200506.pdf
West Oak Lane CDC,232142704,2004,https://projects.propublica.org/nonprofits/download-filing?path=2005_07_EO%2F23-2142704_990_200406.pdf
West Oak Lane CDC,232142704,2003,https://projects.propublica.org/nonprofits/download-filing?path=2004_03_EO%2F23-2142704_990_200306.pdf
West Oak Lane CDC,232142704,2002,https://projects.propublica.org/nonprofits/download-filing?path=2003_06_EO%2F23-2142704_990_200206.pdf
West Oak Lane CDC,232142704,2001,https://projects.propublica.org/nonprofits/download-filing?path=2002_08_EO%2F23-2142704_990_200106.pdf
Roxborough Development Corporation,232705347,2022,https://projects.propublica.org/nonprofits/download-filing?path=IRS%2F232705347_202206_990_2023051721254665.pdf
Roxborough Development Corporation,232705347,2020,https://projects.propublica.org/nonprofits/download-filing?path=04_2021_prefixes_23-23_1%2F232705347_202006_990_2021040117848423.pdf
Roxborough Development Corporation,232705347,2019,https://projects.propublica.org/nonprofits/download-filing?path=01_2020_prefixes_22-23%2F232705347_201906_990_2020013117093771.pdf
Roxborough Development Corporation,232705347,2018,https://projects.propublica.org/nonprofits/download-filing?path=02_2019_prefixes_23-23%2F232705347_201806_990_2019022316122210.pdf
Roxborough Development Corporation,232705347,2017,https://projects.propublica.org/nonprofits/download-filing?path=12_2017_prefixes_23-23%2F232705347_201706_990_2017122715056049.pdf
Roxborough Development Corporation,232705347,2016,https://projects.propublica.org/nonprofits/download-filing?path=2016_11_EO%2F23-2705347_990_201606.pdf
Roxborough Development Corporation,232705347,2014,https://projects.propublica.org/nonprofits/download-filing?path=2014_12_EO%2F23-2705347_990_201406.pdf
Roxborough Development Corporation,232705347,2013,https://projects.propublica.org/nonprofits/download-filing?path=2013_11_EO%2F23-2705347_990_201306.pdf
Roxborough Development Corporation,232705347,2012,https://projects.propublica.org/nonprofits/download-filing?path=2012_12_EO%2F23-2705347_990_201206.pdf
Roxborough Development Corporation,232705347,2011,https://projects.propublica.org/nonprofits/download-filing?path=2012_01_EO%2F23-2705347_990_201106.pdf
Roxborough Development Corporation,232705347,2010,https://projects.propublica.org/nonprofits/download-filing?path=2011_01_EO%2F23-2705347_990_201006.pdf
Roxborough Development Corporation,232705347,2009,https://projects.propublica.org/nonprofits/download-filing?path=2010_03_EO%2F23-2705347_990_200906.pdf
Roxborough Development Corporation,232705347,2008,https://projects.propublica.org/nonprofits/download-filing?path=2009_08_EO%2F23-2705347_990R_200806.pdf
Roxborough Development Corporation,232705347,2007,https://projects.propublica.org/nonprofits/download-filing?path=2008_03_EO%2F23-2705347_990_200706.pdf
Roxborough Development Corporation,232705347,2006,https://projects.propublica.org/nonprofits/download-filing?path=2007_04_EO%2F23-2705347_990_200606.pdf
Roxborough Development Corporation,232705347,2005,https://projects.propublica.org/nonprofits/download-filing?path=2005_12_EO%2F23-2705347_990_200506.pdf
Roxborough Development Corporation,232705347,2004,https://projects.propublica.org/nonprofits/download-filing?path=2005_08_EO%2F23-2705347_990_200412.pdf
Roxborough Development Corporation,232705347,2003,https://projects.propublica.org/nonprofits/download-filing?path=2004_07_EO%2F23-2705347_990_200312.pdf
Roxborough Development Corporation,232705347,2002,https://projects.propublica.org/nonprofits/download-filing?path=2003_06_EO%2F23-2705347_990_200212.pdf
Roxborough Development Corporation,232705347,2001,https://projects.propublica.org/nonprofits/download-filing?path=2002_09_EO%2F23-2705347_990R_200112.pdf
Yorktown CDC,232642355,2022,https://projects.propublica.org/nonprofits/download-filing?path=download990pdf_01_2024_prefixes_22-23%2F232642355_202212_990_2024011022205261.pdf
Yorktown CDC,232642355,2021,https://projects.propublica.org/nonprofits/download-filing?path=IRS%2F232642355_202112_990_2023013120860740.pdf
Yorktown CDC,232642355,2020,https://projects.propublica.org/nonprofits/download-filing?path=download990pdf_10_2022_prefixes_23-26%2F232642355_202012_990_2022102520542469.pdf
Yorktown CDC,232642355,2019,https://projects.propublica.org/nonprofits/download-filing?path=03_2021_prefixes_21-23%2F232642355_201912_990_2021030117768942.pdf
Yorktown CDC,232642355,2018,https://projects.propublica.org/nonprofits/download-filing?path=10_2019_prefixes_22-23%2F232642355_201812_990_2019102816789315.pdf
Yorktown CDC,232642355,2017,https://projects.propublica.org/nonprofits/download-filing?path=09_2018_prefixes_22-23%2F232642355_201712_990_2018091715697316.pdf
Yorktown CDC,232642355,2016,https://projects.propublica.org/nonprofits/download-filing?path=01_2018_prefixes_23-23%2F232642355_201612_990_2018011815132344.pdf
Yorktown CDC,232642355,2015,https://projects.propublica.org/nonprofits/download-filing?path=2016_11_EO%2F23-2642355_990_201512.pdf
Yorktown CDC,232642355,2014,https://projects.propublica.org/nonprofits/download-filing?path=2015_11_EO%2F23-2642355_990_201412.pdf
Yorktown CDC,232642355,2012,https://projects.propublica.org/nonprofits/download-filing?path=2015_07_EO%2F23-2642355_990_201212.pdf
Yorktown CDC,232642355,2011,https://projects.propublica.org/nonprofits/download-filing?path=2012_10_EO%2F23-2642355_990_201112.pdf
Yorktown CDC,232642355,2010,https://projects.propublica.org/nonprofits/download-filing?path=2011_06_EO%2F23-2642355_990_201012.pdf
Yorktown CDC,232642355,2009,https://projects.propublica.org/nonprofits/download-filing?path=2010_07_EO%2F23-2642355_990_200912.pdf
Yorktown CDC,232642355,2008,https://projects.propublica.org/nonprofits/download-filing?path=2009_09_EO%2F23-2642355_990_200812.pdf
Yorktown CDC,232642355,2007,https://projects.propublica.org/nonprofits/download-filing?path=2011_03_EO%2F23-2642355_990_200712.pdf
Yorktown CDC,232642355,2006,https://projects.propublica.org/nonprofits/download-filing?path=2008_02_EO%2F23-2642355_990_200612.pdf
Yorktown CDC,232642355,2005,https://projects.propublica.org/nonprofits/download-filing?path=2006_10_EO%2F23-2642355_990_200512.pdf
Yorktown CDC,232642355,2004,https://projects.propublica.org/nonprofits/download-filing?path=2005_12_EO%2F23-2642355_990_200412.pdf
Yorktown CDC,232642355,2003,https://projects.propublica.org/nonprofits/download-filing?path=2004_09_EO%2F23-2642355_990_200312.pdf
Yorktown CDC,232642355,2002,https://projects.propublica.org/nonprofits/download-filing?path=2004_04_EO%2F23-2642355_990_200212.pdf
Yorktown CDC,232642355,2001,https://projects.propublica.org/nonprofits/download-filing?path=2002_12_EO%2F23-2642355_990_200112.pdf
Yorktown CDC,232642355,2000,https://projects.propublica.org/nonprofits/download-filing?path=2002_02_EO%2F23-2642355_990_200012.pdf
Tenth Memorial Non-Profit Development Corporation,222538855,2023,https://projects.propublica.org/nonprofits/download-filing?path=IRS%2F222538855_202312_990_2024061122523244.pdf
Tenth Memorial Non-Profit Development Corporation,222538855,2021,https://projects.propublica.org/nonprofits/download-filing?path=download990pdf_10_2022_prefixes_20-23%2F222538855_202112_990_2022102620576042.pdf
Tenth Memorial Non-Profit Development Corporation,222538855,2020,https://projects.propublica.org/nonprofits/download-filing?path=05_2021_prefixes_20-22%2F222538855_202012_990_2021052018151398.pdf
Tenth Memorial Non-Profit Development Corporation,222538855,2019,https://projects.propublica.org/nonprofits/download-filing?path=01_2021_prefixes_20-22%2F222538855_201912_990_2021012117613623.pdf
Tenth Memorial Non-Profit Development Corporation,222538855,2018,https://projects.propublica.org/nonprofits/download-filing?path=12_2019_prefixes_20-22%2F222538855_201812_990_2019122316976182.pdf
Tenth Memorial Non-Profit Development Corporation,222538855,2017,https://projects.propublica.org/nonprofits/download-filing?path=08_2018_prefixes_20-22%2F222538855_201712_990_2018083115646381.pdf
Tenth Memorial Non-Profit Development Corporation,222538855,2016,https://projects.propublica.org/nonprofits/download-filing?path=IRS%2F222538855_201612_990_2017092114760204.pdf
Tenth Memorial Non-Profit Development Corporation,222538855,2015,https://projects.propublica.org/nonprofits/download-filing?path=2016_08_EO%2F22-2538855_990_201512.pdf
Tenth Memorial Non-Profit Development Corporation,222538855,2014,https://projects.propublica.org/nonprofits/download-filing?path=2015_08_EO%2F22-2538855_990_201412.pdf
Tenth Memorial Non-Profit Development Corporation,222538855,2013,https://projects.propublica.org/nonprofits/download-filing?path=2014_06_EO%2F22-2538855_990_201312.pdf
Tenth Memorial Non-Profit Development Corporation,222538855,2012,https://projects.propublica.org/nonprofits/download-filing?path=2013_06_EO%2F22-2538855_990_201212.pdf
Tenth Memorial Non-Profit Development Corporation,222538855,2011,https://projects.propublica.org/nonprofits/download-filing?path=2012_06_EO%2F22-2538855_990_201112.pdf
Tenth Memorial Non-Profit Development Corporation,222538855,2010,https://projects.propublica.org/nonprofits/download-filing?path=2011_05_EO%2F22-2538855_990_201012.pdf
Tenth Memorial Non-Profit Development Corporation,222538855,2009,https://projects.propublica.org/nonprofits/download-filing?path=2010_06_EO%2F22-2538855_990_200912.pdf
Tenth Memorial Non-Profit Development Corporation,222538855,2008,https://projects.propublica.org/nonprofits/download-filing?path=2009_05_EO%2F22-2538855_990_200812.pdf
Tenth Memorial Non-Profit Development Corporation,222538855,2007,https://projects.propublica.org/nonprofits/download-filing?path=2008_06_EO%2F22-2538855_990_200712.pdf
Tenth Memorial Non-Profit Development Corporation,222538855,2006,https://projects.propublica.org/nonprofits/download-filing?path=2007_05_EO%2F22-2538855_990_200612.pdf
Tenth Memorial Non-Profit Development Corporation,222538855,2005,https://projects.propublica.org/nonprofits/download-filing?path=2006_06_EO%2F22-2538855_990_200512.pdf
Tenth Memorial Non-Profit Development Corporation,222538855,2004,https://projects.propublica.org/nonprofits/download-filing?path=2006_01_EO%2F22-2538855_990_200412.pdf
Tenth Memorial Non-Profit Development Corporation,222538855,2003,https://projects.propublica.org/nonprofits/download-filing?path=2004_04_EO%2F22-2538855_990_200312.pdf
Tenth Memorial Non-Profit Development Corporation,222538855,2002,https://projects.propublica.org/nonprofits/download-filing?path=2003_05_EO%2F22-2538855_990_200212.pdf
Tenth Memorial Non-Profit Development Corporation,222538855,2001,https://projects.propublica.org/nonprofits/download-filing?path=2002_07_EO%2F22-2538855_990_200112.pdf
Weccacoe Development Association,222646975,2015,https://projects.propublica.org/nonprofits/download-filing?path=2017_01_EO%2F22-2646975_990EO_201512.pdf
Weccacoe Development Association,222646975,2011,https://projects.propublica.org/nonprofits/download-filing?path=2012_06_EO%2F22-2646975_990EZ_201112.pdf
Olde Kensington Redevelopment Corporation,834158522,2024,https://projects.propublica.org/nonprofits/download-filing?path=IRS%2F834158522_202412_990EZ_2025082223681474.pdf
Olde Kensington Redevelopment Corporation,834158522,2023,https://projects.propublica.org/nonprofits/download-filing?path=IRS%2F834158522_202312_990EZ_2025032823289425.pdf
Olde Kensington Redevelopment Corporation,834158522,2022,https://projects.propublica.org/nonprofits/download-filing?path=download990pdf_12_2023_prefixes_83-84%2F834158522_202212_990EZ_2023121322111950.pdf
Kensington Area Revitalization Project,844037072,2022,https://projects.propublica.org/nonprofits/download-filing?path=download990pdf_01_2024_prefixes_84-85%2F844037072_202212_990_2024010522181493.pdf
Kensington Area Revitalization Project,844037072,2021,https://projects.propublica.org/nonprofits/download-filing?path=download990pdf_10_2022_prefixes_84-91%2F844037072_202112_990_2022102620576631.pdf
Friends Rehabilitation Program,236398764,2024,https://projects.propublica.org/nonprofits/download-filing?path=IRS%2F236398764_202405_990_2025050523419943.pdf
Friends Rehabilitation Program,236398764,2023,https://projects.propublica.org/nonprofits/download-filing?path=IRS%2F236398764_202305_990_2024042322371135.pdf
Friends Rehabilitation Program,236398764,2022,https://projects.propublica.org/nonprofits/download-filing?path=download990pdf_06_2023_prefixes_22-25%2F236398764_202205_990_2023060621385102.pdf
Friends Rehabilitation Program,236398764,2021,https://projects.propublica.org/nonprofits/download-filing?path=IRS%2F236398764_202105_990_2022052420123980.pdf
Friends Rehabilitation Program,236398764,2020,https://projects.propublica.org/nonprofits/download-filing?path=04_2021_prefixes_23-23_1%2F236398764_202005_990_2021041917962136.pdf
Friends Rehabilitation Program,236398764,2019,https://projects.propublica.org/nonprofits/download-filing?path=09_2020_prefixes_22-23%2F236398764_201905_990_2020091717305914.pdf
Friends Rehabilitation Program,236398764,2018,https://projects.propublica.org/nonprofits/download-filing?path=04_2019_prefixes_23-26%2F236398764_201805_990_2019041916230001.pdf
Friends Rehabilitation Program,236398764,2017,https://projects.propublica.org/nonprofits/download-filing?path=05_2018_prefixes_20-23%2F236398764_201705_990_2018050415288919.pdf
Friends Rehabilitation Program,236398764,2016,https://projects.propublica.org/nonprofits/download-filing?path=2017_02_EO%2F23-6398764_990_201605.pdf
Friends Rehabilitation Program,236398764,2015,https://projects.propublica.org/nonprofits/download-filing?path=2016_03_EO%2F23-6398764_990_201505.pdf
Friends Rehabilitation Program,236398764,2014,https://projects.propublica.org/nonprofits/download-filing?path=2015_03_EO%2F23-6398764_990_201405.pdf
Friends Rehabilitation Program,236398764,2013,https://projects.propublica.org/nonprofits/download-filing?path=2014_04_EO%2F23-6398764_990_201305.pdf
Friends Rehabilitation Program,236398764,2012,https://projects.propublica.org/nonprofits/download-filing?path=2013_05_EO%2F23-6398764_990_201205.pdf
Friends Rehabilitation Program,236398764,2011,https://projects.propublica.org/nonprofits/download-filing?path=2012_06_EO%2F23-6398764_990_201105.pdf
Friends Rehabilitation Program,236398764,2010,https://projects.propublica.org/nonprofits/download-filing?path=2011_04_EO%2F23-6398764_990_201005.pdf
Friends Rehabilitation Program,236398764,2009,https://projects.propublica.org/nonprofits/download-filing?path=2010_05_EO%2F23-6398764_990_200905.pdf
Friends Rehabilitation Program,236398764,2008,https://projects.propublica.org/nonprofits/download-filing?path=2009_06_EO%2F23-6398764_990_200805.pdf
Friends Rehabilitation Program,236398764,2007,https://projects.propublica.org/nonprofits/download-filing?path=2008_06_EO%2F23-6398764_990_200705.pdf
Friends Rehabilitation Program,236398764,2006,https://projects.propublica.org/nonprofits/download-filing?path=2007_09_EO%2F23-6398764_990_200605.pdf
Friends Rehabilitation Program,236398764,2005,https://projects.propublica.org/nonprofits/download-filing?path=2006_11_EO%2F23-6398764_990_200505.pdf
Friends Rehabilitation Program,236398764,2004,https://projects.propublica.org/nonprofits/download-filing?path=2005_08_EO%2F23-6398764_990_200405.pdf
Friends Rehabilitation Program,236398764,2003,https://projects.propublica.org/nonprofits/download-filing?path=2004_05_EO%2F23-6398764_990_200305.pdf
Friends Rehabilitation Program,236398764,2002,https://projects.propublica.org/nonprofits/download-filing?path=2003_01_EO%2F23-6398764_990_200205.pdf
Friends Rehabilitation Program,236398764,2001,https://projects.propublica.org/nonprofits/download-filing?path=2002_01_EO%2F23-6398764_990_200105.pdf
Strawberry Mansion CDC,061734513,2022,https://projects.propublica.org/nonprofits/download-filing?path=download990pdf_02_2024_prefixes_01-13%2F061734513_202212_990_2024020822283056.pdf
Strawberry Mansion CDC,061734513,2021,https://projects.propublica.org/nonprofits/download-filing?path=IRS%2F061734513_202112_990_2023012720841307.pdf
Strawberry Mansion CDC,061734513,2019,https://projects.propublica.org/nonprofits/download-filing?path=10_2020_prefixes_04-13%2F061734513_201912_990EZ_2020100817360581.pdf
Strawberry Mansion CDC,061734513,2018,https://projects.propublica.org/nonprofits/download-filing?path=06_2020_prefixes_01-13%2F061734513_201812_990EZ_2020061817194602.pdf
Strawberry Mansion CDC,061734513,2012,https://projects.propublica.org/nonprofits/download-filing?path=2014_10_EO%2F06-1734513_990EO_201212.pdf
Strawberry Mansion CDC,061734513,2011,https://projects.propublica.org/nonprofits/download-filing?path=2014_10_EO%2F06-1734513_990EO_201112.pdf
Strawberry Mansion CDC,061734513,2010,https://projects.propublica.org/nonprofits/download-filing?path=2014_10_EO%2F06-1734513_990EO_201012.pdf
Strawberry Mansion CDC,061734513,2009,https://projects.propublica.org/nonprofits/download-filing?path=2014_10_EO%2F06-1734513_990EO_200912.pdf
Strawberry Mansion CDC,061734513,2008,https://projects.propublica.org/nonprofits/download-filing?path=2014_10_EO%2F06-1734513_990EO_200812.pdf
