org_name,ein,title,source,url,date
ACHIEVEAbility,232215980,Hundreds of Volunteers take part in ACHIEVEability's Impact Day in West Philadelphia - 6abc Philadelphia,6abc Philadelphia,https://news.google.com/rss/articles/CBMiqgFBVV95cUxOWEpWeVRGNnR4bXlzRUNkeHBxaUs4Z0k4Q216SWpucTNaZG94MjhXekdIUTZ4N2pLVXk0NkhUTHVNdmViaVpoa3lwSGxTMlBVYTd1VWdkWjMxdUZuXzM4T25URU5lVG5DWG1LZ2hVQ1Q3SlEzc2JJWlptLUNMMml4NjZldkFxMzlSR1VRMzlhS0ZkaU5hUk5kVXF6a3hkdDVxUjBpSE51a3ZwQdIBrwFBVV95cUxOY3ZoTWtFX1prWnpKMFBpTXA0ZVpqT0dQa3k2UFIxaGtiSy1jTmpQYUMzWllEVXhYbXNDTDRReUJYUzBiYldCMXBZdUp4ZjU1a0JhTkNrNnRoemREaGExYkNPV09COUxvdFVCRTZpRUtVSzYxbFRtSE5ZSnRJNi1yR1VuVkxYSmlkbkVIdVV5SExJUmJ4cl9FMzR0U25vUzVFQUZpVUhwRlI0NzRvRllj?oc=5,2026-04-24
ACHIEVEAbility,232215980,ACHIEVEability Impact Day - FOX 29 Philadelphia,FOX 29 Philadelphia,https://news.google.com/rss/articles/CBMiXEFVX3lxTE5hLVlkM0c4bnlVbW5aU0ROcTJvb090Uk1Edl9PVkw3SHdGUzBqNXNYY21ITVBYaks1THlzWnNuRTNRM05IaGR1eFlxWVlaNWo1S1JndHZCUjNMazRW0gFiQVVfeXFMTzFTTW1QRTNHQ3RhYU5uTjRLelgzckM4OHcwdnpvQkhMdFEtREVwS3oyWHJqbE9JSHg5RkUzdF9tVlFYYjNPRENCbWFsNGtDNHRlRnhOX195LXpIU1R1QUJJRVE?oc=5,2026-04-24
ACHIEVEAbility,232215980,Uber program that gives free rides to seniors expands to Northeast Philly - PhillyVoice,PhillyVoice,https://news.google.com/rss/articles/CBMieEFVX3lxTE92dmVfOXltTWd1aThraWc0U253MThmUERQcU5KcUVQdERjVFFoRE1mVmlyeGN6cEt3TlFpZUxzckFMRjZRUDNsNG9ULUNlZjJyX2tqZEJULXBPVzF2VXFobUFYcWQ4X2gybEIyREhBekxRZl9EZDNibA?oc=5,2026-03-30
ACHIEVEAbility,232215980,Uber offering free rides to Philly seniors amid SEPTA cuts - WHYY,WHYY,https://news.google.com/rss/articles/CBMiY0FVX3lxTFBUU08yRlhhOWFDZEN0V2tFclFVUHFnYXFkRG1UR0NqdDFKTmdqZEZpc2toT1RLZHU3SU9DLXEzTmdjbkR5OElEak44Q29xMzJJUFBQWXhZYnB3ei1HOV9nOUZfWQ?oc=5,2025-08-29
ACHIEVEAbility,232215980,West Philadelphia fabric shop owner gets boost for legacy business with new storefront - 6abc Philadelphia,6abc Philadelphia,https://news.google.com/rss/articles/CBMi0wFBVV95cUxNdzJmUjFqeV9wMVc2OW1iWkNhYVJQVXFjTHNzTXc5Y0lBLXM1eWs0WXZmbVI0YjA5ZG1xU1BtV2lncjBmejBzWVRWNzJWZ19ia25xLWR4dE1lTnAwU0FBV25DWF9lNXJFbHJhLVd2YjNqSXZsTHhfOTdQSXFqY2NNT0FINEM3clI0UzI4UERBUXZPVFRPNnZxR3lHV2pibHBnRTJNeTVhMlJPeFNZRGYtemVvN1BERF9WczVmcE0zcnB4bHR3WmhQLVhGUlNhLVR6WHVR?oc=5,2025-08-14
ACHIEVEAbility,232215980,Good Day Uncut: ACHIEVEability - FOX 29 Philadelphia,FOX 29 Philadelphia,https://news.google.com/rss/articles/CBMiS0FVX3lxTFBjSjlSSWxZeEc0ZVpaYjdkdDkycG5UM0xrdmVRRDVKQ2lsbnNBTmtFQnQyMDNSSjB0MXAyQmVHdW51b2FpcFJiOFR0Y9IBUEFVX3lxTE0tQzVhWkVHVXRJcEdkbllYWWtzYVhPbm5JdkFlYllMSmRRb0lLNXA2ZDIwQjZ5amcxQy11TnhBaHRBVXY5dW5ReTg2V29UMVJ0?oc=5,2025-04-25
African Cultural Alliance of North America,233062024,"‘If you look at Africatown now, it looks like the City of Philadelphia’: Inside the Southwest cultural hub - Billy Penn at WHYY",Billy Penn at WHYY,https://news.google.com/rss/articles/CBMihAFBVV95cUxNVDlHcTVIa1Z6UFkxOU5uRTIyT1VXTElTVDdVbnp3LS1hSE5NNFptVkxRUEIycVJ0SXlsZVNFLThhQU1zVFBsUU0tZDNZaG0xZEI5WERtMGJ3QTJ1OHl4Vk45Nk40SjBZTWF2bXpaNXdLSGRxcEdZTWNBc0lHUTJVMkszQnk?oc=5,2026-06-19
African Cultural Alliance of North America,233062024,Philadelphia opens Immigrant Heritage Month with 250 years of stories - Impacto Media,Impacto Media,https://news.google.com/rss/articles/CBMiggFBVV95cUxQMURkUmo4VERfM2U1RkNLdXE4Y2hiMUFFUS1WelFhcWRGTEFIVUxUSVN5WlhPM1VFUGpudkVLV05OZ3M4aGZPVHh6VjFjb1NtVi1kM3FvNDlBRWdGakZNTjMtNWpoOE9HNHVXbGhsWnpRTlFaenVsbFVtTW1oQlY2QUF30gGCAUFVX3lxTFAxRGRSajhURF8zZTVGQ0t1cThjaGIxQUVRLVZ6UWFxZEZMQUhVTFRJU3laWE8zVUVQam52RUtXTk5nczhoZk9UeHpWMWNvU21WLWQzcW80OUFFZ0ZqRk1OMy01amg4T0c0dVdsaGxaelFOUVp6dWxsVW1NbWhCVjZBQXc?oc=5,2026-06-07
African Cultural Alliance of North America,233062024,African and diaspora nations converge in Philadelphia for FIFA World Cup 2026 - phillytrib.com,phillytrib.com,https://news.google.com/rss/articles/CBMi7gFBVV95cUxNb3RNdXl6Z1ZhS2MwSDMyUzNQZGtUMHNfWXJxZmRZNVVhOFpDT0J2bzlWTVZ2bjE3ZGkxUnF1UnFzLUVZTGRObnJSd0hhSHVRRmFpc0poTnc3eWxmZlBkUmVCelVXdUZ3aUE4STFhV1BhVXZCSm5IdUNSN3M4eDNjVlBjTXBvdUVaODU3YUYwZkZVRG1lbDF2ZmphTEdKdkdNbXdXdi1rTU55Zk45aFJuRVRSZzVyQ3FtQ1AwVFpxVHdCem90Y2ZnRHB1eGc3cTB4WV9mSWgyVmtTNkdRejlMMWVscDNIMFMySXpPRFdn?oc=5,2026-06-06
African Cultural Alliance of North America,233062024,"Africatown signage unveiled in Southwest Philadelphia, marking cultural hub - 6abc Philadelphia",6abc Philadelphia,https://news.google.com/rss/articles/CBMipgFBVV95cUxNb25BSFloUTRzbWh6bXBKTWhYTmhKUnlHMHZNNXR4dER1NjgwRWoyYTlGY3NtVjdnRjA5bzJYZV93bHhQOXdmOUJ6ZHFOQlR6Nl9DemFQeEd2eVJwYzV5OEZaN3Z6MXNxY0txdUtnTnpsdGpNVDl2UXdzS0h2dEdydHFyalM0U3FZM09GWG1ENE1ERlZZMXhTVlgtWGpvQXYzMTdEbm5n0gGrAUFVX3lxTE5rM0hWejI1X1ItbC1XbW1kdTVBYTYxWFJqMDZNYldYeUVnTnJONDNkMGQ1ZDJVRUZ0Mm1HZUlCcXUxeHo2WTJJV0NoVXQ2MElaQ2tIaWRLYUFZdUVuMkEtZC1ZaGlQbjJTTkE3bDRzUWJDTDR5VEJwMXJqOFNWZ1REYUdldHVlWHVDS3JteVNvOHJOLWVZNFE0MXJnQk1fYWNpby1odlFlLVVPbw?oc=5,2026-06-05
African Cultural Alliance of North America,233062024,"The past, present, and future of the ODUNDE festival - Broad Street Review",Broad Street Review,https://news.google.com/rss/articles/CBMimAFBVV95cUxPbXdhbUQwSmdTRjQyTktUaUxUSGZPUE9GT2pDNFhTNkt1T3NrZ29Vak9KZkxjdEVfQTN0Z3hjbnFkV3dfOWFMNzRXTXlNSmhfOGp4WEVjdzRSdkRlMVR5M3FmS0liVWR6Tk1zaTdhNmJzZ1dJVmVHY20xOTAyWW8zMmpYaDAxX19uQ1duMGN2RnJOYXFaOWczRw?oc=5,2026-06-03
African Cultural Alliance of North America,233062024,Ring It On! One Philly: A United Celebration | Office of Special Events - City of Philadelphia (.gov),City of Philadelphia (.gov),https://news.google.com/rss/articles/CBMiggFBVV95cUxPV1VrajRfSG1tSkZMRDZVazRGZWUxSW5RR3ppakIxZ0RFU0k4SzdEQTJMbmJYamxTeDdocGM1Z0hXYmU3NkVESUY1ckhndER5YVVKSERmV2FCdmt5MWxDa1JZNTA2OEMxc1ZvRlFxU1ZDSmFndUxmYVFmS2IwLUNzVHRB?oc=5,2026-04-29
Arab American CDC,311620684,Philly pizza shop owner loses land but not livelihood to eminent domain - WHYY,WHYY,https://news.google.com/rss/articles/CBMinwFBVV95cUxQWnp5SUpMSExGRGNXLWFIUzRKYnBHR0tycmE3NFV2eGZZTXFLNjBieGZ3bGhqQVJFNGgwcnBPRTRxQnV3T3ZiZE1RUl96dlkyVVlDNGwyMlBfeUhTTlRpU3JqSFZWSk4yZHFsb0lhM2ZkbDhfV1RhUm83b3FjMkM5RXVZTHZ6WEJnWlVRcHlsbms1VVRoTk1YUF9icmJsRGc?oc=5,2014-04-24
Arab American CDC,311620684,Eminent Domain Battle Heats Up in Kensington - NBC10 Philadelphia,NBC10 Philadelphia,https://news.google.com/rss/articles/CBMingFBVV95cUxOazRVdE4wTzItYXRDVjc2WE1YQklOUzc1NjE2dlh0VlVrZXdYZnU1RlY2dkQzWEpsemdJN0Q4NGx4RzFXUHc3VFQwakxsejg2c09uNDdYbi1PQWdnMXc0em9fLXQwUHVwdUoxQVJ3cUpuNUtDbTZyR1BsMklHMHpyYlFnUkZ6eFpRSUkxSDNfXzBUVlowOFBLWG84eGxqd9IBpgFBVV95cUxNZnRJTFRYSWZfWnlNM3JhRU5zZkduNjc5Rm94LWNnUVhTQjh1dmF3NEkyTFNNcm51alZxYTVCSzFwTVNLV25YU1VTcmFWeWFvTEZlQ29kZWhYc3c1ZExwaVFveGJCaWlwLUZmZzQ5ZWtSOWxvM0N1SzJ5cGtkSEI1amZWMy1ZR1pFMWJONndVYWFyNUxPVHRDSzRaZmNpcUpScUpYdl93?oc=5,2013-07-03
Asociacion Puertorriquenos en Marcha,231930630,Sugar Cane Festival honors Puerto Rican roots in Philadelphia - Impacto Media,Impacto Media,https://news.google.com/rss/articles/CBMinwFBVV95cUxNejVoanROaVJsRW9fdUNiaDdpc2VMblBsekIxRkZjakNhQWdJR09rWVNuVTFZUmJUWUxZOUdFejFfZzh5Y29vVlVwaEJyb2xEVnNCLVR3R1UxUDY1YzBiZFNGY2ZUSTJSN2RqVzV3cjZGSC15VF9hd0RKSU5Yc1FxVUY3ZngwY1hTcnYtN3VxMjBWR2tGNE5wdDRDckplMEnSAZ8BQVVfeXFMTXo1aGp0TmlSbEVvX3VDYmg3aXNlTG5QbHpCMUZGY2pDYUFnSUdPa1lTblUxWVJiVFlMWTlHRXoxX2c4eWNvb1ZVcGhCcm9sRFZzQi1Ud0dVMVA2NWMwYmRTRmNmVEkyUjdkalc1d3I2RkgteVRfYXdESklOWHNRcVVGN2Z4MGNYU3J2LTd1cTIwVkdrRjROcHQ0Q3JKZTBJ?oc=5,2026-06-12
Asociacion Puertorriquenos en Marcha,231930630,Presente on the Parkway: Photos from Philadelphia’s 2025 Puerto Rican Day Parade - Billy Penn at WHYY,Billy Penn at WHYY,https://news.google.com/rss/articles/CBMisgFBVV95cUxOZVJmRVA5aS1rckZEYlRzTzVpbTNod3JiN1Z4M09tM1NqNmZ1a2RFQWJTaEY0YTB0ZGFtd3RENmYwRzNaY2tNNDBjTkxZR2FOLUhtbElvYjJRUzc1Z0lNVlZoUkFkdG9uNTl1YXkwbnhrdjNDN0NKeXF1Ui1OQzM2X2lxOUE5SzdoczR4WHR3WlRodGdNRmFSb051NGYxU2xUSWdtMDFqQjJaSEZIdnU0V19R?oc=5,2025-09-29
Asociacion Puertorriquenos en Marcha,231930630,"Social Worker Has Passion for Protecting Young People, ‘Making a Difference’ in Their Lives - CatholicPhilly",CatholicPhilly,https://news.google.com/rss/articles/CBMi0wFBVV95cUxNNjR2bGRrdlRqbkthVm81QTZuLUxkODBNaXloSlo0TExZTEFWZk5fWnpmOVlxMjRtLXV4RGVjRzFDVXlGTWxkYVlXc1lFQkxiOFRSSm9qYmQ2X2ZFUUxhQ1RVeTQ2UndPOUE1OWk2ejN0ckh2ZE9Ec0lCNkxhRXk5U0JZRTkwOUVpNXZxZ19XMldEdFlyWmR0UTFGNG5kaEZmZW80cWVoRHJOcG5ya21mVzBqVGpad2dlaVJudjhIWE1MOVJrb1hOOG1PQWFoVGl2YUtN?oc=5,2024-10-30
Asociacion Puertorriquenos en Marcha,231930630,North Philly’s Sugar Cane Festival marked 20 years of celebrating Puerto Rican workers - Inquirer.com,Inquirer.com,https://news.google.com/rss/articles/CBMinwFBVV95cUxQbzFGVERBQ3RPTzgxUmUwSl91TnByWXpMckNFM3hRdXFCM2tfMlU3MG1jYVNMaFJCWjFSeXQzV0cxVGJWRlVEU2xTQVNXS1NpUnE1NzhCZmNYRWNNeEpwMnNyMzdGQnpJQWhDRVZVMS02VENrRlFQZ2dGaE9OUXZud2dmVUsxam1YNGRVcmlBNzdmcHp2V0FiRFRHMkJxeFE?oc=5,2024-06-03
Asociacion Puertorriquenos en Marcha,231930630,Puerto Rican Day Parade 2023: Event marches on despite rain from Ophelia in Philadelphia - 6abc Philadelphia,6abc Philadelphia,https://news.google.com/rss/articles/CBMioAFBVV95cUxPZWV5RWkyYXhoWXZhdDFkd3JUMDI1NXZmUWNSa2xZa0V5VV85WV9KbGk4ZmVnLTlRdkRhLW1ueWtSaVU4RUthYUpTbDVNLVFMWkY4Vi13d3VNQlhtTUxEUG1BY281a0ZXZ0ZlUXU2NDFQRjZSeGdRakpRYlA1TEUxdFh2NXQ2T1k0VkVYaFhYb25TazNoeFUtRWhaZE05bWkw0gGmAUFVX3lxTE1uM3FOR2xwbEpqRjNSS0ZuMEZXWWlSajV1UTRtSHVCUXZxMy12TUVIbUZUbGtTcUJ5Z1pRcHV5QzJjX3MxaEJKZmVtaXlCekdjdGF1QVVibXA5TnlDel95ckRTZElLWXV4dnFEUjdTZ1hRVWUxUkQ0SkxqanhISl9wZkNqU2pEeDZEUV9TUzdPRVlZczgxVGI2SXRwaUR2bFJ6SzNMOGc?oc=5,2023-09-24
Asociacion Puertorriquenos en Marcha,231930630,How one Philly neighborhood is fighting gentrification - Al Día News,Al Día News,https://news.google.com/rss/articles/CBMie0FVX3lxTE9fbDRzU1J2WFZOTWlJZmthMEZ2b3R6UnVOQ2pQRVJyazRLWlJmZDNsLXZ4WEhjMVpLWk9EenpJWGRwaXZUTmd5OE02SjE4TUY4WDRKRUFYLXdCT1BFdmxqbEFBbHAxZFhJM0FRNWVxR2stUlB5NVZGQnVjSQ?oc=5,2022-07-02
Beech Companies,204968928,Temple President John Fry appointed to board of directors of North Broad Renaissance - Temple Now,Temple Now,https://news.google.com/rss/articles/CBMitAFBVV95cUxQLW5jWG5TUUMxUzFvRHR5M3E0Q3Y2UXVfcG1NUTgtWUVsUUVrandCLVJPTUxWa3lvMWoteVFpNktrNTFaeFNNaTZocTlOMGQ1cXFXeTFfOEhSd2p1SEhaZG5xWmI0NXlYVi1FdkRVUHVLNU9Edm9Kcng3blNwcUJaQ01aMlZ2WWV0WEVHMk9pa1NCT2otcXIwU2d1Mm5ReTl1R2tqRG5VZ2xmNEtEMDVEdG5hMlI?oc=5,2025-03-19
Beech Companies,204968928,"18 Philly nonprofits get boost through efforts from Beech Companies, Inc. - phillytrib.com",phillytrib.com,https://news.google.com/rss/articles/CBMi9wFBVV95cUxOamFYaW0zWXJfMDllZjN6OFZtVUZoUXU0SksxT0tTRk1Qcmd3czIwWUhpTmZ2SHNMQ2NBa19sblRHaEJJR09XMmpuQzd0YmRiWUduVWJjR1lIUG1JRDVwTElPbmxrZERTQnVXUEhyUEJwS2tydk5tbzdtRW1DZWV5UzV1WVRyZ0RxT0VVZjZSOE1mNGticVZ2WU5ESHRDcG9RYTQxam1lVDlScnQ3cTc4UWJHTWJpdTMtNW92Njhzb04tQUNEUzJIaW5zM3ktMGhfOUJHLTJrREtmNUl5czRkVVFHcVJvOUI2d0p4T3dyVWpTY1g3aUow?oc=5,2025-02-11
Beech Companies,204968928,Temple welcomes two new members to its Board of Trustees - Temple Now,Temple Now,https://news.google.com/rss/articles/CBMikwFBVV95cUxQRUdmM0pEWXJ2MTQzZzdEUmRkVzZCZXhVaTVHWXJHNWRNaHNlNVN6V0VMWElxYTZOUmdQZThwcVpXNmJqb0RZOHRMZTRDbkZfT0l1QVJxRkQyV3NGQVRyY1NnYlhaVUhfUndZWWhaYWQ5TnNUZHNlcXZBQ3k1V3pNYzVjMEI5NFR6NkJadC1YQWIzTUU?oc=5,2024-01-03
Beech Companies,204968928,Beech celebrates neighborhood transformation over 30 years - phillytrib.com,phillytrib.com,https://news.google.com/rss/articles/CBMi5gFBVV95cUxNYlU0NGw5YmljRFpvS3JNQmItOXpEQmVoc1M2d2MzaXR6UTk3Y3A0ZW43djh5Q2FzTDNGcDdVVFV3VjN3TmIwQXd4UEU1ZlFpRjRIUUZUTUplRHN6S0RDQkN4SG8xNmU2bEJMOXlJWEtQd1g0OUhMSDEtc3ppNzl4VC0wSVpTd0JvU0Q1bUxvaGhEcnZnaURZUi1yU0tSazJiYm9uV2RJcVlSWnlvWGhJU0hjU19Ic0E2Qnd3dGh6OW56bUt0b0JvZDZVRGN3U0xoZW1Sa19jMEw5eGxyUDVXUTRWQzJwZw?oc=5,2022-06-21
Beech Companies,204968928,A man of science - The Philadelphia Sunday Sun,The Philadelphia Sunday Sun,https://news.google.com/rss/articles/CBMiV0FVX3lxTE15S21PQl9na3dtS3h6SWNRVTd0NE9ETUd2MFdZOEswWnVjNlBQRmZKV0ZKVl9wb2tDV0QxSVYxRUVqclFfREVJOEJLMVBMeHdTcGh3TjR3bw?oc=5,2021-11-19
Beech Companies,204968928,Beech Companies in North Central Philadelphia serves small business owners and non-profits - The Philadelphia Sunday Sun,The Philadelphia Sunday Sun,https://news.google.com/rss/articles/CBMiugFBVV95cUxNOVhsSVFRbFBGdlJCemVtemZ5NkJTZEdiQlBsR2tuRG1ha21Hc0pmY1pSM0FGMXJ0VUtYSVZER09LOWxQUEI3c0ptUXF5UUNtWVQ3VGZ2OEtpMkRlUjJpMGNCcUs5di1MczFyUjZMSWc4aVY3M3k4ZVBEalNoOW5HZDZKLWh0Z05aUVB0MVl2MHhSUTMtamZQbWRIcndlRWlycmVvbWpxdXZNSFdBU091THgyVmZDQ1MzaFE?oc=5,2020-06-25
Called to Serve CDC,464404323,Revival of North Philly Landmark Slams to a Halt - Hidden City Philadelphia,Hidden City Philadelphia,https://news.google.com/rss/articles/CBMijgFBVV95cUxNcmdvLUhPZ0tMNkpFWVVpWjNhT0tzLW5ZeVBBeVJzSms4eTVGXzBXQ3BOU1h6UHF4TVp0OEtXSlA2dHhidUZ0Q1FJU1NrX2kwUFZqNFM2amZROC1DOWVVbU1QOEVacDBDMi16eF8yTjN0MEdMMkFSM1NaeWJ3d041Q3phU2hEaFBRWGVDeE5B?oc=5,2024-08-16
Called to Serve CDC,464404323,"The City and its Partners, Called to Serve and PhilaWorks, to Receive Technical Assistance from the U.S. DOT’s Thriving Communities Program - City of Philadelphia (.gov)",City of Philadelphia (.gov),https://news.google.com/rss/articles/CBMib0FVX3lxTE5iUjEzQ21zZ0F1RWh5ZjZzcmFRR3RjVlZKMXlOY29URW9EcEwwX0E3OTNFWk1MUGRYQ0NLeWxpenJLcWpJcGV4Vm1YbVBnT09hSWdsd1RhNWt2cTB5bXJpTmJMZklqVXpHbUhwejRLUQ?oc=5,2024-05-20
Called to Serve CDC,464404323,North Broad Street Church Revived with Community Impact Reuse Plan - Hidden City Philadelphia,Hidden City Philadelphia,https://news.google.com/rss/articles/CBMipgFBVV95cUxPSUZBbUNpUG0xOEcwOHBQbTJWbERieEt0YXJxUDN1cmo1X1Jsd2dJY0NPVUZYaEltekpMNE84TEZwS20zTTlmWUsyeHE0R050YWxGU2EybUs4WlBNRWw3dnNrRFpBYVNiZWFyY2xwODU3VXpKLWRLR1JHRXZHV3Y2WjZkNURQVmxFQnVOdEZ2YWp3UnAwU0hOQTFoVndVaWdOSTU0TFF3?oc=5,2022-11-18
Called to Serve CDC,464404323,Rev. Dr. Leon H. Sullivan Centennial Celebration - phillytrib.com,phillytrib.com,https://news.google.com/rss/articles/CBMi1AFBVV95cUxOWDNlY1hWOEsyS3piV19SY2RJQWhsR2lndlRQVTFpQXFRSHRIZlBFM2pEYVdpd296UjFlN2xXdDUtUU92UXFDNmNzb09XemltdENubnpNbWFIekxHS2lSZ1M1MW9ra2FvN2hnVVIxZXB0VjhRSjAwbVJ5T09nU0RvZHNPaVZGNEtQLU9HM252X2otNEZaSHJmZkxDd2QtTFAyeld5ak1IUWpYU1A2VEMtNUJQclc5TkFfTlBja2VBZ1ppTFpEcF9mUEd3bERBYkdjSjF4bA?oc=5,2022-10-01
Called to Serve CDC,464404323,"Building Together at Broad, Butler, and Germantown - City of Philadelphia (.gov)",City of Philadelphia (.gov),https://news.google.com/rss/articles/CBMiigFBVV95cUxOdXEwMlRtMmpyU01zTEh5bHhaRGNlS3docXVyUlRrWC1HdDgyTG1IUGJTY3IySUlTZFhNNXd2cEhwV3VLYjFuaHAxSnFJY095WXNMWHpHNkg2LUYzZmpwSzlkXzJzazE3cVY4Sk1fZjdJNWFMWlM0Z2RjdDVuYjNFVTBZUmQ4emx6emc?oc=5,2021-10-29
Called to Serve CDC,464404323,Temple’s Lenfest North Philadelphia Workforce Initiative awarded $2.5 million grant - Temple Now,Temple Now,https://news.google.com/rss/articles/CBMiuwFBVV95cUxQZHpNZUxjZkxOWTRaX2JtY0t0SUpKUE9Dd1hUZ0dsM3djM003N1NPdDdRVmRqTnJ4ZkNxcURsS2NTaHUtLW1YdVVKOHE1Vmd1YjcyMko2RWFSMzVYb2ZCWXlBbWpoNWZlQlFVaU1HTlp5SFIzSHRTTlJwMi1iTTgyVUU3YlBqZkR1NTZ6N2ZhZXB0ODUyWWl3V3EtY2w5Tlo1NDRHZEdfd2czOV9XYm52RnVFZE9oel9pMXhj?oc=5,2021-04-21
Catholic Housing and Community Services,822320973,Maple Glen Seniors Find Help at St. Alphonsus Parish Eldercare Program - CatholicPhilly,CatholicPhilly,https://news.google.com/rss/articles/CBMivgFBVV95cUxOT3JSRmwwZHpHVDQyaTY2QmwxTk45QklocVI3SXFTM2REeTllRjFOZFpnUERxYUJYdGlZSzVrOHRqYXR6NU5aZzk4R1Vsd0k4aGxqRWZNR1NlUUx0QXkxZ2RpUmxtUDdTMEJJOF8zZzVUb0pYbGFFVzdsb295dVluX2tUeWhYbnZtYlFENFd1ZmFwNFlaUlc5THhrVGd4S0I3SlBZYmpZcWZXRXUyNjRaN1k3djdsODNIbFc1QUhR?oc=5,2026-03-31
Catholic Housing and Community Services,822320973,Catholic Charities Appoints its First-Ever Chief HR Officer as Part of Efforts to Strengthen and Unify Programs in the Service of Mission - CatholicPhilly,CatholicPhilly,https://news.google.com/rss/articles/CBMilAJBVV95cUxNb3FsMXBMMkFIRl9NMm42RTVPOV83XzRjTnctWDVIMk9aRWR5Xy03ampxNldoNGZ6eFVpX1FHcnVNYkx4ZjNKSWthMHRYRkxSd2xmMXMzTU9aNjVyLXJEZkdVMGZ4eWc1aENzVkdldEZKVG02YmtWLWRFaENNUzU5LUgySm1ZZ0ZDNEJQN1VtX0tLTXl5RkhsMjRlLU02ZXFuSHJWcEJjYmx4VnR0UjVkZS1JSWF2SHZXUldzS3NNWUc2ZGhkM3FOT0NCMWdIVkpaNENlUXl3RTQ0MzcxVWxDQzJIVm5tLVhEZmNrUzRzWVZhY3V6bGxGekZOQjZpTzJhaHBGWld5X3VmTXhkU0hDeVdoOXc?oc=5,2026-01-26
Catholic Housing and Community Services,822320973,Serving Seniors with Compassion is Senetta Boyd’s Lifelong Mission - CatholicPhilly,CatholicPhilly,https://news.google.com/rss/articles/CBMitAFBVV95cUxNRzlEUWtwcmttMHBLZURjQzBxaHhFdjUyYkVobFBESVd0UXA0MmVMWkNsNWFfM2xhall6TXUxeGpzZ2RPWnVDdVhCR1FBcEduNVZKZmRZbU84dWowc2pRNk9qdllwc2hVblEtZnhoZFVXa0huQVRJem5TRURrQkVIWC1PT0VlVC1BTTFpd0VwdENHTlFKX1d0S2FJSDdMREE3NXd0dmpSNTRXMUNVU1JlVTc2UnU?oc=5,2025-10-22
Catholic Housing and Community Services,822320973,Senior housing coming to Academy Road - Northeast Times,Northeast Times,https://news.google.com/rss/articles/CBMiggFBVV95cUxNV0FEeUFyVUNxTUpHMTRNQTdyWWh0QW9GMVY0U1dEMG9TMnAtd0RuUy1icHo1b3BRdFpjaXNYZ2o4OHJfcm1tMld3QzNRYmNPV2R0VElGbkdnaTRIM3JLSkQ5Y0pMUXdKYlRkbHNTQ1piN0REd1lGVE5qa29EMnd6bThR?oc=5,2025-10-05
Catholic Housing and Community Services,822320973,St. Katharine Drexel Senior Housing Community Begins to Rise in Northeast Philly - CatholicPhilly,CatholicPhilly,https://news.google.com/rss/articles/CBMiywFBVV95cUxNMkh3VXdRNDVVTVk5dXpkdUhDT09oR09NYnhjZG96RnFDNlJOaGdGWV9DSWlOcHJZOWF0MktPTTg0ZmRHa1lzaTRJamx6MVNyQnhuQ1RfWnRtRGpKdVFZaktSbEFjNDVGMm9iMTRrakl2ckNyc0VmZjF4Q1NFSWlvU1pINWQ4cVhzWmw3R0plMEZ0TnNuMmlJajZlNzJMcS00R2lJX2o1dVRRaF9CNVlOc2JlblZReWtsc1Mzb25CZmNCMjd4NEI1VU9rRQ?oc=5,2025-10-01
Catholic Housing and Community Services,822320973,Photos: Catholic Charities Breaks Ground on Northeast Philly Senior Residence - CatholicPhilly,CatholicPhilly,https://news.google.com/rss/articles/CBMixgFBVV95cUxNeTQ5b21oeEdvX0k5RGlIbTA3bVN4OW5rTGNiZVVjRkpGS0NBcVhsZ3JDOThyUy1mRDZvV1UyWDVReEhsbU9paTdrSi0yZlA5bmduT2JHYVg5ZXlFZ0NRUXYzeWhWSm1JbGstNGpJNXFvUzlIQ2RQUHA0NWV4S2FCeXBDWGo0aWlJY2pvdTYzU2dZUWRBUUFOdU4zcGtUQjRjNV9vbVpfRk9ueU5RWXFuTUNGVGZuRklTMVRyN0dLMzMxNDg4a1E?oc=5,2025-10-01
Centennial Parkside CDC,474815728,Philadelphia litter dumping focus for Clean and Green initiative - Billy Penn at WHYY,Billy Penn at WHYY,https://news.google.com/rss/articles/CBMioAFBVV95cUxNMlZzbmVlaUNNc2c1dnpxdnZIc2p1VzJ5RWxXNlM4WE5Xb2pSQi1kalQ0ZHlCc1lYLWZmUTRVbGNnRUc2cGxoYWJOMUhLT0c5TE5IeUxOY3lvR0pEQ1hQRjJIQzNyblgyMGtxeTVadjhxTnpsUW9kdkU5TmNfRlZJeFNPSEdySUVKX2dLTk16bzc5M3p2d2FTMkVRcVFYOUZH?oc=5,2024-01-25
Centennial Parkside CDC,474815728,"Philly’s plastic bag ban is working, study finds. But the environmental impacts aren’t clear - WHYY",WHYY,https://news.google.com/rss/articles/CBMieEFVX3lxTE1yWUg3OHlMYjdGcjJfWlA3dDdNektkWEtZLUh1WXlIeVpIeEhTaUtoM1hMdFQzVm5IS2ZwRTF6Y2t0SjI0cGpDUWVpQ2RfZzhJTnJHb1ozSDJrbVN6b1czX3hwUExFVFBvanhVMGl2X0pZRmtOZnJRcA?oc=5,2023-04-27
Centennial Parkside CDC,474815728,76ers Name Leslie M. Walker Executive Director of Sixers Youth Foundation - NBA.com,NBA.com,https://news.google.com/rss/articles/CBMiowFBVV95cUxOeVhfem9MVFR4VEk2cEpFUjZnNW9PcmNZMUlsWXZ3VXItSFdvWFhpSFVjMDJoamtmbVBTcUNCRGlrUGhzQURCNW1rdTFOOGVERWJnMUpRN1ZPWDBGeHNRS0lncEQzNHFWUUt0UkpnWHpyd0ZabUh5ckN5cDdnYjdwVzhIUGdNZDJoQUkwbFhkaVZzUVFueUJFc3NPUC00YkUxa0pv?oc=5,2021-11-22
Centennial Parkside CDC,474815728,Urban Innovation Fellowship - Lindy Institute for Urban Innovation - Drexel,Drexel,https://news.google.com/rss/articles/CBMikgFBVV95cUxOUjJXbkZfZVd2aU9vVG4ybGlSY3hwblpIWDRvUWQxcm9rUkJYMF9RZE8ydWxZMVVadEo1TXd1M0RaQXRuTHlMMXdnSkIwQW15VDdBWjdTT2p6a3RBdFlwUTRySzZBTXk0eExmNzIwWlYxSlpjU3ZWSVRwVmRZcEp1Vjhrd1I5Tm5yWS1oOGhSNHFaUQ?oc=5,2021-06-10
Centennial Parkside CDC,474815728,Changing the Narrative - Drexel,Drexel,https://news.google.com/rss/articles/CBMimAFBVV95cUxQUXEyeFRLdUdSQjlvdHExTWxQbEFXOTNiWHpKRjBPNTBnay1pZVZIWGF1eThkUWFxandFRWdwb2xreHdxZ2s4SEhWT1JqZHNSNmxuNEhWaDE4el9pbkJLN3o5dndaZUpsZGJ0OFNrNGd0ZUM2b0c4UDJkQlJTTnh2WWhxbXh2Wi1vNEVGc1owVWxzOW1LOWM2YQ?oc=5,2019-09-11
Centennial Parkside CDC,474815728,"In Common: 6 ways Philly can create more equitable, imaginative and inviting public spaces - WHYY",WHYY,https://news.google.com/rss/articles/CBMitgFBVV95cUxQZ1R5UkVsMGowRlFJYTQ3QUtRb3V6V3FGTGZfQkcyeFNjYUQ5OGVjX3hYaFhISjFVZ3Q5bUh4LWo5MGIwdmFBOXRfSWc0dDUyTnVYNzRpeGhucG96WjVudFQtOGdZYWZVYTJaVHBYV1h2MFVqNEdlWTR6U1pCTzVabWRMUXRLSGpqeWtodjhCNm1NTUFEOFNTSnZRYnVEZlRmazFXZ29VY1h6R09zVVlaS2EtZTBCdw?oc=5,2019-02-27
Community of Compassion CDC,331035662,Penn Medicine community health fair returns to West Philly June 28 - Penn Medicine,Penn Medicine,https://news.google.com/rss/articles/CBMilAFBVV95cUxNVU05c2o5dVh1UnljX0EwODNSLVF0RnhmWVdhSXJoUHJBRjItMU5PQXZZdThqb2RsX0k2OVNsbXBPQ3hsU3BKQ2J3eWhvOVo2bV9EMHRPR1lLWjlvTERVcVJtV0kxZVJKclZrSVhmRlFNTVVQQURDakZDdnRfbjFsZjAtcXREbXRxeDFNS20zb2dGdUZ5?oc=5,2026-06-22
Community of Compassion CDC,331035662,Free cancer screenings in West Philadelphia - Penn Medicine,Penn Medicine,https://news.google.com/rss/articles/CBMinwFBVV95cUxPdGR1eThCQ2FfeWdmcHM5ckR2RjR2eHNneHcwclA1VHJtYXNmVXNJUGxhcTdKMHhvM1BLN1pON2F3Vnlkenc0WHVTSlNVcUN5WFk3bEgyclJVQ2xHazJ3a0VSbWdIdDlJOWNlZ1dpMzJZZFpMSXdyVmY2Uk8zOUp0VExlX1Z6eFpQRWRNUlh2WjZJdFBPVzFMQ1lRbXJ6cnc?oc=5,2025-08-15
Community of Compassion CDC,331035662,Penn Medicine Community Health Fair - West Philly Local,West Philly Local,https://news.google.com/rss/articles/CBMigAFBVV95cUxNMkhuV0dvTXhGRHg1d0pLSVo0LS14ZnpwcXYtNGtVZENQenQyS0pSVnp2OUZNTFNReHdfNlBQUEdsMTI0UDNHbTJfdUJiSWstMTA1czlmbE9HdEFjTmJpSEloNGZkWUd3Y1RUOHpBLW5feE5PTkZXaWFBWTlhSndWYg?oc=5,2025-07-13
Community of Compassion CDC,331035662,Cancer Detection on Wheels: Penn Medicine mobile mammogram van to debut at West Philadelphia health fair - Penn Medicine,Penn Medicine,https://news.google.com/rss/articles/CBMilwFBVV95cUxPWWtKWWQxMll5cWVkT0FMY2hha0Q5Mm51WVRDenlxNTB1cjZCQXY5aWkybVo3Q0ZoNURGeTFuaGdhaFVCaUxGazhJUzBid21jVnFvQ0xUUHRMTDdHckNXRjFMcThTNUZvZWs3eXNGVFB0dFo1aE5RdmgxcEs0ZkJab1R0RTBFN2xiTjIwUlJPNUpCRVlCZFZz?oc=5,2025-07-07
Community of Compassion CDC,331035662,West Philly Career Fair - Pennsylvania House Democratic Caucus,Pennsylvania House Democratic Caucus,https://news.google.com/rss/articles/CBMiX0FVX3lxTE91ZXAtYWp3dUNfeG53RDZLRlBoSThTeFQwQXVyX19fQVdkcFluaDFVVkliaEFaQndvRVE4b2VzRV9FVzhvR2k3QndwNUx5czZEVmh3S2lhRnRDelJpcHVv?oc=5,2024-12-26
Community of Compassion CDC,331035662,"Children’s Hospital of Philadelphia’s Center for Health Equity Joins Philadelphia Department of Public Health, School District of Philadelphia and St. Christopher’s Hospital for Back-to-School Event - Children's Hospital of Philadelphia",Children's Hospital of Philadelphia,https://news.google.com/rss/articles/CBMinwFBVV95cUxQc0ZvenNIeGRkSTJ1Tk1CRE4yTVBqVVNqYm9YNkZ5YkhsV2s2bGFVQWVrR3pldmNpUGlrRlhtMDB1RUJNNjduczB2MUVLUFM1d2ZNS0NQakNKWUF6Qll5YjhIWjFyLU1lM2tXaTBVTXdTOUNtMzZfU1ZscHVOSHNlOEN1bThBTmdld2dPTElCOEhGWkF6WWQwRnFyQ2hwMjg?oc=5,2024-08-04
Community Ventures,232462126,District 51 students could see expanded access to afterschool and summer programs - KJCT,KJCT,https://news.google.com/rss/articles/CBMirAFBVV95cUxPMDc1bmpza1dBOUloM0plRXo4ZEx2OXRiaUJrNGc2WEUzX1RLazhFeWhpRDlpaEN4R0xlNm5Hb2x3ZjRNQ0VoYjdGVDFNVXU5SU9SRVQzajZrUUJWT2NaZTRpS2Q2dTRnbjVnUTRWaDBFTnA0eXBpNVpLRkxpcEt6ZmR2TEd2V1J6SHI2ZEtOTVZPOWt6VzkxNkFkZ0ZVektLNllSd0cwVkRUMWR10gHAAUFVX3lxTE1uZl9ndXdNWjZaY0lKaFR2NGJIOTVPNDZMN0FxaWhKVHE3RDFOSEdSU1FwRktZdmQyRXg2Wmt4QmVyQktGcW9sNmRNcHZobTNWNnQ4emR4dEo5Z245dVhtM0ZLZlA5T09JdWJDdkVGcFhMeTlDdVdMZzdZWmdxTWx1YzVkYkNrWWozeXBGUkZyQy1aT2VUWE5hcV9yOUEyUGpjd1VkOGI2d1U4VzhUQXNRSjRDN0MycW51M0JhV3RZYw?oc=5,2026-06-03
Community Ventures,232462126,Pueblo chamber receives grant to address child care challenges - Pueblo Chieftain,Pueblo Chieftain,https://news.google.com/rss/articles/CBMixgFBVV95cUxQOXg1WDFQWS1Ic3BqZGtPRU9IMEhoT0dDX3AzZ3dXNHpMbEh4cmVUNDVvN2hsOF9LS2cxcExCWkpaOXBNXzZjQ0h0Z2pRNU1MVjR6MXJIUnpfZlJuSkptZEhZejhzNXR2NGp2U1d2Z1kwTFZFZmFKNE9tUFdnRlZNUTdZWGhiaURHSEdmWWtvRXp3azJpUTNTZmFHdkkxb1RfSWNDaEFQTW1VS1JobU00Mm81OWsyUEhCMkZUYnB0aktjOUtFT2c?oc=5,2026-05-26
Community Ventures,232462126,Major overhaul coming to Vogt - Northeast Times,Northeast Times,https://news.google.com/rss/articles/CBMid0FVX3lxTE1FbTJ0WmZ6bnNuOVlHTHNvWXpoZVFkNWJFaGFQWlZaRWk4R1A1aThMWDNIaVdTODBIUHBSR0VyeDVHOXVmaS1xNFA3Z2JCRVRSb2tvWW9kWUxaemdjb1htbGQ5ZnhTM3diWDAzQlU5eWFTVVF0cmxz?oc=5,2026-05-02
Community Ventures,232462126,"City Officials Celebrate Ribbon Cutting at Piccoli Playground, Honoring $1.9M Renovation Project - PHILADELPHIA.Today",PHILADELPHIA.Today,https://news.google.com/rss/articles/CBMifkFVX3lxTE9hTld1VW1OOTZUdWszbWZURTJ0U1lGWURnUWRJRGo2ZE96VmRkV20zVGxScTFmRFRMTy1jeVZ6YklvbVc1MlVjSmRRMk9YT0Q1RjFPQnAxUVFxRldkem5iT2RLWGFKVE91NXVQUFJUMTJlV3dIdGFNdXdsS3VpZw?oc=5,2025-08-27
Community Ventures,232462126,Philly Breaks Ground on New Renovations at Cohocksink Recreation Center in Port Richmond - PHILADELPHIA.Today,PHILADELPHIA.Today,https://news.google.com/rss/articles/CBMickFVX3lxTE9LU3Aza24yMThFTHBtWGxmal96S3JIa25JazZpbFVEWFpqcUdaQUJnbkg5SjdlVWszZzVzV0FSWDBwbllBSkhmakZxMWVuaWM2azZqZDRBb2VMbFZ1ZTZvZzdTNHpFcUktcmR5UW5nN2s2UQ?oc=5,2024-06-11
Community Ventures,232462126,Announcing the Hewlett Foundation’s Racial Justice Advisory Council - Hewlett Foundation,Hewlett Foundation,https://news.google.com/rss/articles/CBMinAFBVV95cUxNdXRmdGRJOGI5TWRkS0lXUDRrbE5nZGMtN0E5MmZ1eEQxeldfbTNKNmd4TGpzRFE1X3Zmalp2cEZ2UlNNck1WRGZMLTMzOEQtdUtjNlVKSUx2U1RWMDdqN2Z2ekVPVUE4MExPRTkxWmJTNUN1dFNHSENKNmRtaTNUd2tuY2hrdXBZMW0zMDZ0LVUzajNFWS1rQjF3QmY?oc=5,2023-10-03
East Falls Development Corporation,232805925,Announcing the Climate Resilience Partner organizations - City of Philadelphia (.gov),City of Philadelphia (.gov),https://news.google.com/rss/articles/CBMikwFBVV95cUxQNzROY0t4UUZORWEwbFZ5MGZ0dlJPLWRCQjVJcGhBeDRPVGhFelNTVldmY21CX1NSOHpQLUUySTJwUzdBakhyRnNwbkFxQlZUbERNY29CZTdRX2hwWFR1RVROQXhoVmJxTDNuWVh0RlJObFdPOXJCckwyMGd2N1pJbmJWY2liM01hQ3UxZEtvX2dyVzQ?oc=5,2025-11-24
East Falls Development Corporation,232805925,A Guide to East Falls: Nature-Soaked & Culture-Packed - Visit Philadelphia,Visit Philadelphia,https://news.google.com/rss/articles/CBMifEFVX3lxTE1FRFJxVUc3RXB4ZkRUQlY5YXVUTFQyN21WTzJVUUVtUmNmTEVVZGxrZlhEYmhjVWx6US1lTDVwSVozd2lKMFZIX01CcHM0RjFqU3laLWVkUURmSEVqUGtUTW5oOTdYLVBOMWhWZkJ0RkpweDlCY3lKWTI4ci0?oc=5,2025-08-22
East Falls Development Corporation,232805925,East Falls and Manayunk Flood Mitigation Study - ULI Philadelphia,ULI Philadelphia,https://news.google.com/rss/articles/CBMiggFBVV95cUxPRFZhSkxtLWx1TXlEcElVSk0yTXFQQkJYYjczbzRsVUZDOTVuVTZ5elM0RGRLMlFhNlBtOVVvNHBfOW1OTGlWZDh6V0VNTFNOWlVCT01YODZ4XzJhYUpmbjBka1YzR2JwX0VldEhrRU8yZTlDMklDZkNvUVllY1hCRHR3?oc=5,2025-04-17
East Falls Development Corporation,232805925,PHL Taking Care of Business Program Testimonial: East Falls - City of Philadelphia (.gov),City of Philadelphia (.gov),https://news.google.com/rss/articles/CBMilwFBVV95cUxNLXVBMHREZE5FZDM0VExCT0tnaENaQ2F5djNrTHNCSHM0ZDV0d0xCV3ViSUpJdDNHQ2VPc1dqUkd3d2g3endGUjVhNlVacDQxa3FiNkRiazd1S2Fzc2RfSWlhSnlxdnVVQkdmNGhlM3FEMzdqc3AwRjIxSVB5MFJheXVJMy1oQks2bjZLTFJwRDNtX0c5ODVN?oc=5,2025-01-22
East Falls Development Corporation,232805925,"East Falls, Manayunk publish flood mitigation study 3 years after Hurricane Ida - WHYY",WHYY,https://news.google.com/rss/articles/CBMinAFBVV95cUxQc1BLU3c3Z0RyRUIwU0Jsc0x0VDEzaUt5ZlZLVk9WcFZidENMX3lGRFp5VndjUjduNW9DeXpxeXBRZUtlVmJTaWJMd3ltanZpM0pUQnNPNFBDUDdzWmJYRFNaSzRiOVVqVXJnWHVHdXliYm5ieTBvQ3BUWXYtZnl1b3pETlMxTlgwYWxQcXJmZlJwaFNBbXBISHBGZ2U?oc=5,2024-10-05
East Falls Development Corporation,232805925,Philadelphia Federal Credit Union cuts ribbon on East Falls branch - timesherald.com,timesherald.com,https://news.google.com/rss/articles/CBMiqgFBVV95cUxQUFFfR2ZiT1NiTjA2UEM4VV81WUp2UVo5dy1na3pNYmtvUElRY2hydm1vUzhfWTFWNkthanJPTGJNZExvUU50bGNMeV9jZ0VwRVJMX0ZISkxhRXZMRklXbTROWklmS2wxZjhCOGtMZHE0VXNtQUY0MzJJQlNaWWhvdGtnenp5Vzh1NVRYbUU1STFVZVhSaDdiY2RzLVpxSnJVU21IRmpmRmNjUQ?oc=5,2024-06-07
The Enterprise Center CDC,300002632,Philadelphia Has Dozens of Main Streets. Here Are Ones Most Worth Exploring - PHILADELPHIA.Today,PHILADELPHIA.Today,https://news.google.com/rss/articles/CBMiigFBVV95cUxNOGZlVmFBZFNWRFhQS1E3a01wTmc0VUJrOU1jR0YwenR3MVhGeTNBSWZ0bkFhSFNDd3g5czNOR2piTFllNG1PdE5zdmViNjJUWkt6cThVM19YN0ozRzE3Nkh3VE1yZ0hYbXZwYTdsWHRsMl8zZ1ZmM2otNVZFb3l2SnVsODlzYmpBTkE?oc=5,2026-06-18
The Enterprise Center CDC,300002632,"West Philly’s 52nd Street corridor: city explores safety, transit upgrades - FOX 29 Philadelphia",FOX 29 Philadelphia,https://news.google.com/rss/articles/CBMinwFBVV95cUxQSEZhODFJVzl4blc0TG9CZVZnc3lzYWwxQ2h3Z0hfQTRyS0EweDdmUHU3TGJsS0gwdFNGMjZiUDRqcFp3VUJFNmxmdV9ZMHNoWU9OSC1CRmdQVUN3d0g3aXZxSkF1c0FrLWlXU0E2OXFLZGkyejB2NFAyd1lQWUV3UjIyTlVuUHNqMmU2ejNCMlpkdE9XODJFM2JDbHpqZkHSAaQBQVVfeXFMUGNzWTBnTVF5XzdEM2Q2aVlTaUtETEM3NVJjV3pESUVubEkwazdyWGRObzBpZ2hOM0hGb2M1ZU9sWFVlelEtcGxneDNJNEhjLVdFa1RhaE1SYnc0QW4wTEd0cW54M0NEX2ZZT29jMFY0REU3MlNnZVV6eTdSYnBUU1hxSzN5SVQtZWxGTXl2UlhPbkE2ZHhTZkVJVkhiLXlyQm9Ja0k?oc=5,2026-03-05
The Enterprise Center CDC,300002632,Target's impact on small businesses and entrepreneurs - Target,Target,https://news.google.com/rss/articles/CBMifkFVX3lxTE5TblF5LXNEdERCdFFyYkZZRG03R1N6ektVYUNtZG1adk43WUF2YUNzaWg4UFM4RlFEaUkzckxkQ2tFVVY0ejZSa3ZYTFRQRGhQNWF0OTMzR2E5NzBwN1VrOGF5N043NENHRlVsMFkxWGRPcndvUDFrTi1fX3h0dw?oc=5,2025-11-26
The Enterprise Center CDC,300002632,Enterprise Center completes new resource hub - phillytrib.com,phillytrib.com,https://news.google.com/rss/articles/CBMi0wFBVV95cUxQZzg2MFBudUpORE1tUmx1Vnk1d0Q5Qno3VGJTMGcwUF8tTGotbkh4N21CYm5SdUVwTXUwZnlPRzF2VU1NZFE3TWVmNXd1WW1ZN0Foc1J6MW9vd1dDdlVnQ2FBZ0FmX28tYWFkRlp0V0xLM2JrZ1BNbUlJSlp0QnlReGFuTldrNDdWUHFKS1pTQWNYZzgxbWxHUGwxNXB3Qy1sYjdUZ0x6WU4zNlBTOUs2MUJJNDJEdkhJRGZmYzJCOWk3YzQ5b24ydGdhMFRFQXFUOEVv?oc=5,2023-05-12
The Enterprise Center CDC,300002632,Black-Owned Businesses That Were Damaged and Looted — and How You Can Support Them - Philadelphia Magazine,Philadelphia Magazine,https://news.google.com/rss/articles/CBMihwFBVV95cUxPOWM4S1g0X0x2QWMwd1pOM2tFU3l2SVFXUkx1U3g5TFlxenlPcE9ZUWVxYy1ibTVaRE1td010RHlLNTd0Wk9BLVB1WFZFLW5YRUpVYXJ0OUtKNnNKdUVabUFfSzNOMzlrMlBsRE1zRWVfeURIQTNseXBpZUZUT1IwakJCWHhiYXM?oc=5,2020-06-09
The Enterprise Center CDC,300002632,"In A 1930s Supermarket, Reinventing The Food Industry - Hidden City Philadelphia",Hidden City Philadelphia,https://news.google.com/rss/articles/CBMikwFBVV95cUxQbUEySkpIOEY4RDlPb01kclFtc2lNdnJLc1JmNlB1V2llWjhTc2RGbEVqRGZaY2syUVA4RkRTaGdyWGY4bXN4UnN2aUFFSGtETDJ6NmFRRlUza3lHbzVKT1NvWTJCeXY4Ymp3Wm1oeFVuMUp3dlQxajE0LV9OMnJObThab19LNVFQWU05cEJMUW14cFU?oc=5,2012-09-19
Esperanza,232552707,Esperanza Academy Charter School Celebrates the Class of 2026 - Impacto Media,Impacto Media,https://news.google.com/rss/articles/CBMiowFBVV95cUxNODBxWWRha2VjR2ljcVNZN21JbXFJNzhSbTVwNkh6d1NGSWdpZmI1TGN3SnljWXJhY1RhYWhrZ1BLbmtzbjZQOUNBTFVjUWYzWjdoS2pObzJwUkxNd2tBOV9FYU9sMFRFV25WM1JNRUROdkFDa0J0R09oLXBBU0VhNF9mdVJVQWtPRXJRcjNwR25xTTh6Y20xbVpkelQ3MEhWclEw0gGjAUFVX3lxTE04MHFZZGFrZWNHaWNxU1k3bUltcUk3OFJtNXA2SHp3U0ZJZ2lmYjVMY3dKeWNZcmFjVGFhaGtnUEtua3NuNlA5Q0FMVWNRZjNaN2hLak5vMnBSTE13a0E5X0VhT2wwVEVXblYzUk1FRE52QUNrQnRHT2gtcEFTRWE0X2Z1UlVBa09FclFyM3BHbnFNOHpjbTFtWmR6VDcwSFZyUTA?oc=5,2026-06-12
Esperanza,232552707,Tacony Academy Charter vs Nueva Esperanza | Volleyball | 10/7 - MaxPreps,MaxPreps,https://news.google.com/rss/articles/CBMiwwFBVV95cUxOdGRzcjhxd2ZNRFk1VHhaUkRlanNfNHl6ajdsNElQY3JYSHdKVVV1MmxNTXphOEVVOTRhOXdIQ1RpLVAzamlaS2FETTlNSlUxZ0Z2NWx2eHVpeHdRc2tBSzZVd2QwM2hRRFM5RDJYMVhnODdXVzFlVjlBMkxjcWZ0WDkyaklVZTJnSHdsazMyblU1V3VwOERqQWRTR0lTTENLbndUM2VoUGYwSXJ3LTZyWlhVWkhzUmZNN1RCemM0cjZ2LW8?oc=5,2026-06-12
Esperanza,232552707,"Girls Flag Football Coach of the Week: Lara Appelbaum, Esperanza Academy Charter School - Philadelphia Eagles",Philadelphia Eagles,https://news.google.com/rss/articles/CBMizAFBVV95cUxPZ3RoNWFzaF9TeWJWN2F3TXFPQklsRTU4VjFyUmhaYmEzTE5rUmJNd2QxbG9vSzhsRlFEalBINHdGalRXeGtWLVY1YU96WHY3c2RtMlBsQkVsSEN6QWE3cGZXbEpWQlNIQjMxZ1ZlTE5kbVB1VjVZM2tneFptMkNucFVObzFpZzR3TVFDbEhwU1NjU2xWbXNiYXhLc2d6N2ZVTXM1eU4tcTdZUWd3dzFpNUVwSXRleG5vNjVtYTNMb2RYOTJoZy1icGhWV0Q?oc=5,2026-04-16
Esperanza,232552707,"Esperanza: 40 years of advancing education, economic development, and housing in Philadelphia’s Latino community - Impacto Media",Impacto Media,https://news.google.com/rss/articles/CBMi3gFBVV95cUxQeWxnV3lZdURTR1Rudnh4bzdmTDRzWEUtWmVpbGluSmFXcjUxc1I4TkNKa0VOY2Vqd0RjQ25QMlBzd0F4OXowWFkyNm1IS0VHNnUxNi1SYnFBc1d6VGJIN0c1S1pueTFPM3RLZjMxYXQwV29uNzhhd09QRXFQaExfckhZeDQxZ19CMk1uWmZvLW9VMVJqdmpmaEt6SVRrSTBQY00tdmJVYlJlcXJ1a0duVXp0MGFmOEkzUkJhQWNfcFo5ZmNPcEZpYndCRGZvYTY1NDJibERDRy1tZnpzblHSAd4BQVVfeXFMUHlsZ1d5WXVEU0dUbnZ4eG83Zkw0c1hFLVplaWxpbkphV3I1MXNSOE5DSmtFTmNlandEY0NuUDJQc3dBeDl6MFhZMjZtSEtFRzZ1MTYtUmJxQXNXelRiSDdHNUtabnkxTzN0S2YzMWF0MFdvbjc4YXdPUEVxUGhMX3JIWXg0MWdfQjJNblpmby1vVTFSanZqZmhLeklUa0kwUGNNLXZiVWJSZXFydWtHblV6dDBhZjhJM1JCYUFjX3BaOWZjT3BGaWJ3QkRmb2E2NTQyYmxEQ0ctbWZ6c25R?oc=5,2026-04-10
Esperanza,232552707,Kelly's Classroom: Esperanza Academy Charter School - FOX 29 Philadelphia,FOX 29 Philadelphia,https://news.google.com/rss/articles/CBMiXEFVX3lxTE82U3BjTTE3WVBKb1pHVnFqX0doZlg1b1ZoVHA5aEhZZUU4N0FpTk02Ym1EcjRhQkxmZjViek5DNm5xTEctMi1DR1NkV0RxTVgwY2pOdVIyN1hGZldy0gFiQVVfeXFMT1dZckt1S2JLUzRSVHJCdVp0Mk9DU2JEUTd5ZkI1YzRmaDgtWUMyMldSNE55OTVlV0hUT0xnWC1IWW1NRmZWa3RBb0pVNnlGTmEweTc4ZGlVd2VvRVFYQ2dSdGc?oc=5,2026-04-08
Esperanza,232552707,Esperanza Arts Center Launches LATIN JAZZ SHOWCASE Series In Philadelphia - BroadwayWorld,BroadwayWorld,https://news.google.com/rss/articles/CBMizgFBVV95cUxNVXhXRm5MUzBjSTZlLUVXWlNTLWI2dzI4bFRINEI1X1c5RHNLUUoxU1ZsVndsaFlndDFLOUZ0R3hVM2VCdmN6OF9GVnVDOGFMT1pvMDBGNFpDZ2JIN3FvSXBsOXhJUDhkZXFFeVlkNDhjem1FdUpENzBuUHBxczNCM1ZlWS1GMGdnaF9rWHVtQXJDOFdwNy1sRHVTLVphN1JXYVhGckdNcnRwWEtJcjd1NE5UbHVUTktkMmtLWHZqT2cwRkM2T2ZXRDhtUGpjQQ?oc=5,2026-04-01
Fairmount CDC,233094818,Foundation puts $5 million into anti-illegal dumping innovation - Billy Penn at WHYY,Billy Penn at WHYY,https://news.google.com/rss/articles/CBMihwFBVV95cUxQWFlWTF9kQUhSelBoMEgxVXpfc093U0YyeGtsQXVJRHZzSVlwNFZpWHFSZm1ULXNSZmR1ci1LWVZyRU1DQlFILXE3cXNlSUliNG5VeXR6Z0tkTmxaLWUzRzN5UjM5dnNKc245SEJoaGhBbTJ0X0M5QUZzUzk3RXlGNnRqY3AyUWc?oc=5,2025-06-30
Fairmount CDC,233094818,A Guide to Philadelphia’s Retail Corridors: Where To Go and Who To Contact - Visit Philadelphia,Visit Philadelphia,https://news.google.com/rss/articles/CBMiyAFBVV95cUxNMFRVaGpfeXI0M2NpWmdESWtEWGszMDlXM1JlTFhfVHFCeUx6MmRRQmFEd2puM180TDIzeV9GaXJfY1pOQU1yN1FTLV9ZT1lQaTRLVER5cWdnb1VSZ09GZEppQW1zeDA0VFktMEFwTzlFaVBUVzRqYk52d2lkYkRtVUNBMHhja2F0T0RJQzROei01OENhRVhJSC1ELWhBX244TzVvMGRCZG9pcTEwYWRyWk1xclgybnZyYWtUendyS2VlQVZBek5seA?oc=5,2023-12-13
Fairmount CDC,233094818,Check out 36 new restaurants | Let’s Eat - Inquirer.com,Inquirer.com,https://news.google.com/rss/articles/CBMijAFBVV95cUxPUElWWGhqRXBta1lobFNGaDJzM1kzRVhfZGsyX1dOc0EzeUR6Y2pWUXRrMS1ON3U4QzZ5YWZEZUNTdXNjeEtmNkFSWU8xRlNEM2piS3BSSGpwdjdsclVXQXJITzY5cHo1V3hRU1BvSHFmcjY1eXhsTjc4dEF1Q21lcE5kRXpyNWMzcHBseQ?oc=5,2023-11-08
Fairmount CDC,233094818,Brewerytown businesses look past Girard Ave construction and ahead to Spring 2023 - 6abc Philadelphia,6abc Philadelphia,https://news.google.com/rss/articles/CBMingFBVV95cUxOZ285VnRJUklNeFBaYlhmdVRJc3l5ZnhYSWZBdVNYbVl0SDBfVV9vLWxTdWM1dEQ5TTJscUZId01tTjVuQlc5a1FEakV4SHJQUWt0WEE3U0poUkJTdVI3TWJLSkozMGtBVXA5NXFRQUxIdnJZQl80WngwanltbEdDNmh3M2tPQW5tazRlNEpxWTFHT3BCQzI3MWVGdi1iZ9IBowFBVV95cUxQa2xVX0VSX05iYzRFNGxuMnhaQW5ORGZTSnY1bzR0d25OT0FQbmZ2ajlqNHYxcnBPdzA2d3ZGMVV0Y29RaE1JQUxmRXZGMnVtTlpBTlNKMlp3MGJFUEtBMjFKaUl1a1h5Wkt1VFc1eERxT3RpbXVNZzhKa1A0cFo2T0ZQUVJ3bDI4bzV2QVlmYW0zRi05WnpmV25RQ1QtT1M0RC1Z?oc=5,2022-12-10
Fairmount CDC,233094818,"Suitor closing in on former London Grill property in Fairmount, despite push for historic designation - The Business Journals",The Business Journals,https://news.google.com/rss/articles/CBMipwFBVV95cUxPQkdUcXR5aVFzRXBrNkZmVWpGZ2UzODU1Zlg5Si1hNTYzQUtyRU1yZjJZU0lGcDd1bzl6LTU1YWtkZTJ5Rkg1ZG1pbjU2OUFBdEVnYmZkYzdVbXg2RjVTSXI3UUo1eWgwamVrUHVsaURPQ1ZZUEtYdjZRTHZNR3g3b201NGRWX2RoSGhuSGd5ZVJkaDc3M1hWaWVhand0alA5Z1ZmM2RRRQ?oc=5,2022-08-31
Fairmount CDC,233094818,"Fairmount Ave filling in, growing up, searches for identity - WHYY",WHYY,https://news.google.com/rss/articles/CBMijAFBVV95cUxQaUxjUEw5VS1CcXZuWHh2UkdXVG1faG5XdmpVbFE2dXc1RmFCYmxicHFmaGFLUGtTXzYwR1lCeUdIVXJsSnBMbl85MmxxMWk5Y0NqMkMtOTZzY1JPM2dqYUZfYVdyLWFfOGpVbnhfdW52M1BVNWRUV0VJOFpKNVFWVk9wMm9jVGI3UEFEdw?oc=5,2016-07-11
Frankford CDC,232738932,Partners in Philanthropy - The Business Journals,The Business Journals,https://news.google.com/rss/articles/CBMilgFBVV95cUxPck5FLXNsRmFRMjhaZW9OeEtsQzloMnJpTDJENVdmWGtDdW9wdVJEeVp5dHZDdEpBdG1Oc1hYc1YtUTdLcC1zTnVlVl91anpuU0tUX2VVcHZBR3RjNDFpeE1PeW1vSDNJLUdxWno2cFdOb3pDLWRROXNmQnhBRHFPRUo5MHA2TjhtcVZKY2ZDNzd2WFBFV0E?oc=5,2026-04-09
Frankford CDC,232738932,One of Philly’s last architecturally intact old movie theaters is officially recognized as historic - Inquirer.com,Inquirer.com,https://news.google.com/rss/articles/CBMiwgFBVV95cUxPZXFhdG12THlQbTBZQVBUdzdYdFdpYWJJOW5idWFzY2VqRTdEMUFmc2hzbzQ2dUo3T0xWUGZIbEZYYWNETVBtUlB1d05pMG9oeWw5cjZGdzV2VFh6eTlvdVpicmh6WFRrUG5HS1hiMFoyR2VPZzR5Rl81ZVdWN3ZxLXR5dS1FS0ZpbnhCX3B1UjJza2V5Vm1oZ2RXSEJLNDh0S25IdktDQV9yWHVNdzhhNlY5VkxkbldjTFFpbGtRbzhSQQ?oc=5,2026-02-16
Frankford CDC,232738932,Frankford CDC is planning a mixed-income apartment building next to the El - Inquirer.com,Inquirer.com,https://news.google.com/rss/articles/CBMitAFBVV95cUxQbGVlTUpJYlA1b1dKcm5yLUtvdkl5RGY4bUlyRDEzSEJtOEhfMzctWE5iaVFYUU1SaE85V1F5Y0lma2lBX1N5VjZxSGNDcFJ1c1NmM0JHTG5fRzN6NVd2UHZKUFpXdDlTOF9BUnZOaU9fRU1Ya3M0dzdaYk5xMnhSQjBJM1A5Vkh4WFdMeXRaS1hpaVIxVlV0bkNGR25FOHRkd2cyQUx1MkdhSGVhbFotV2pnaVE?oc=5,2024-07-23
Frankford CDC,232738932,Northeast Philadelphia leaders call on city to expedite plans for 2 new health centers - WHYY,WHYY,https://news.google.com/rss/articles/CBMihgFBVV95cUxNYlpyMHppcFNELTJ1aVB5M0ZQRXNqa1NfR3BMeFZDOW80OVNvRDB6dkIwemN2SF9vc1o0djdKUUQ3bXA3NndUQTQzcDZyV3V2YmU4Uk1QTkstSUh5TEhMTTkxZjJ0S2RKUktIQVRZS2pNMVFrMFdndGpaU2wzaEx1bTl2NDloUQ?oc=5,2024-02-20
Frankford CDC,232738932,The Frankford El celebrates its centennial: 100 years of connecting neighborhoods to Center City - WHYY,WHYY,https://news.google.com/rss/articles/CBMiggFBVV95cUxPRzlac2VOME9zZjlRdmN2MWQwaWJvMlp3cWlTclNUbWxySXdJQTljYkZkWEcyUTl4ekQxTlFQYzlWd2JGRVJFYnZsSm5MWFU3bWdPQ1ZYdG9rRktWNVlaOFRoWFIyVjBNVFBUZ29TWk1VSUNRSUpFR0ZrdXExSGVYOWJR?oc=5,2022-11-01
Frankford CDC,232738932,Around Town - Northeast Times,Northeast Times,https://news.google.com/rss/articles/CBMiZEFVX3lxTFBmQ0ViTFRMWDRpOVZ0TFJyZlBRQmotclZ4MTk1Y2ZmQW1CNFE3bklobVlIWVlPM3JOaXA1REc2X3JSLUVnRGkyTEpuWFpFUVlaU0tJVk12MHhXai1BN3g3Z2xtNUw?oc=5,2021-04-21
Germantown United CDC,453739378,"New mural celebrates the food, land, and connectivity - Resolve Philly",Resolve Philly,https://news.google.com/rss/articles/CBMickFVX3lxTE54ZnFSSTZveTQxcXJ5NTBJN2VFeXN4SkhNYTFGXzI1R3U2T1JacXZmMzhHWG91WUhnV2JwRjFDa21LNnpTbGNHNTR4cU85M0Z6azhidWZSYzZJT29qRE10X1d6R3JrcTNVX0RfRFgydktjQQ?oc=5,2026-06-15
Germantown United CDC,453739378,Uncle Bobbie’s Coffee and Books to remain in Germantown with move to larger space - phillytrib.com,phillytrib.com,https://news.google.com/rss/articles/CBMihAJBVV95cUxOVTVBcnp5U1NfTzJSZ29JalpzUVB4UWZrTzRweGlTblJmOWEwV1dCTUlBRW9QVF9iVkdmUjBzMHc3MlI4bmdyY0tYV0NHTlhvaTU5MjRoUDRxaFhKbEdpdTEzajBmQnZDV2tpNDlKcW80bzRHR0FQXzJfdHlFYXlvaTUxb2U1c1p0MUlVNnlHbDNoNXhQM3NlRHg1OUNEZ0F2MEhqekJ4dDctUEZ3MlhYY2l6QTlxUFRKWEFNQmJlM3hDcXJMdFk3R3VnMW5xNkVLTkN1N2tlNzJBcm5LamNRQm54ME5wTVdXQXRpbVRFVkFicVhwWFBqQ204aGhBZ3hMcExueg?oc=5,2026-04-06
Germantown United CDC,453739378,"Revitalization, economic development are goals of Germantown United - The Chestnut Hill Local",The Chestnut Hill Local,https://news.google.com/rss/articles/CBMitAFBVV95cUxPd1BBZlloTnRFb2dia01jb2NORjFubi1WMEE4dTRvVFFiM2lTNXZxSlVLNHZFeVZkUmpIamNVTExtUk9lNEJFRmhyOFU2Tm9sUHJmNHVaUXlrbmxXN2piOGp3STZlejk3SmNLOWNIZzFTWXQ0b09uZkpVbFBCRENKd3FuTlhJN1lRSGxTVGJaZERVR2picHN6TE1mZVZncVZWMVZQeDlqbDFINGthdllUWUlNRTc?oc=5,2025-12-30
Germantown United CDC,453739378,For The Love of Germantown: Matthew George - Resolve Philly,Resolve Philly,https://news.google.com/rss/articles/CBMiYEFVX3lxTE5Nc0xLLVdPc0JfYUswdnhNMmQ0Z3JXeDB0RWhSS2dkd2Z3UTU0NmUyOUE1QU5ZeWJ3VkZvOU5MLTJXTXBYVl93bEtkN3ZGZTJWTTRVRDFwQ2tHLTN4Mk4tVQ?oc=5,2025-04-03
Germantown United CDC,453739378,New trash bins on Germantown Avenue - The Chestnut Hill Local,The Chestnut Hill Local,https://news.google.com/rss/articles/CBMiiwFBVV95cUxNY3JoVGRaMEZ0WUR2YUMyaGFtVGJvOFdVbjdXNkpldjlUWWVmcUhnd0FVVVJUd0ZyRmRFS2pkYWlLZjZrZjExUlR5WEhqRnFCWHBhQzEtTnlUUjFJVEc2elNNMkhDMVdLbWJqRjhrOVlWWW50OFFGcGNDckxXZzlFTFZRWWQ0cDg2NURz?oc=5,2025-01-23
Germantown United CDC,453739378,New Germantown United director plans for a stronger retail mix - The Chestnut Hill Local,The Chestnut Hill Local,https://news.google.com/rss/articles/CBMirwFBVV95cUxNRFh0UHpnUWtvbS1OT3FLZmRMcjlZcmN2c0NrOEVHWVdaM2RYelBYeThTR3hkMERmM3BRXy0zcVJjLXpyaUd4U3BFOHpSRFZYbkNEVzRYTWdCMjZMLW82T3hBajJYRmE1SXBCOTE1R3Y0NVdnaDBUOWR6alJVMGV0Uy1DWFBhbVhMTEdEaWt4REZiQlBfdzVjYjRjU05Ga3lxazc0bXJCTE1YaWx1d3lV?oc=5,2024-12-19
Habitat for Humanity Philadelphia,421580163,VISTA Careers – Firstrust Bank - VISTA.Today,VISTA.Today,https://news.google.com/rss/articles/CBMiZEFVX3lxTE9CeXFoMDB5dUwxOTdIU01NN2ttZmZUdEF1SEJNUDA4aGgyeHA2TV9pNy16TlgtRlVBYjZ3Uy1xV04zRU5JYnpqU2k5NUFBYU1pU2JwNTlUQkx4ZzJfZV9DTVJ1QjQ?oc=5,2026-06-08
Habitat for Humanity Philadelphia,421580163,Habitat for Humanity hosts demolition day - 6abc Philadelphia,6abc Philadelphia,https://news.google.com/rss/articles/CBMieEFVX3lxTE5KTEU4YWlnNk1UcHozRFZPaTdxcUNtSlZaMnRBZDVTSF9lUENqU2h6UE44czh6aDNGQ19ROFh0YXdVX3dhSkdrMW1RbGwyYWNLTkx0NENOOXVjNGdmbWl4UEwzTXhGMlVsc2pMRlBOMjU1d2hReEVlcNIBfkFVX3lxTE5KRDFaWmhoQldCQlZtM1FaUnlyNzZVdk9VTTVfeXBTTG5Jc1JIZ2pYLUdJUFlOWE9ocUdsLTh0WC1SWWM5TkFDVkRmUHU2N0Zfb0Z2R0R4dUJNRU14cUxUWjFEZWpHM0RvMnFoYTFiUWh0RzY2Mi1pM3Y5bG5EUQ?oc=5,2026-05-28
Habitat for Humanity Philadelphia,421580163,Villanova Students Help Launch Pope Leo Village in North Philadelphia - CatholicPhilly,CatholicPhilly,https://news.google.com/rss/articles/CBMixwFBVV95cUxNejNHTThqcUdzRDJ2SkE3T1JCaEphcjJtRGZOX2lLdXlPMFFXMWdnN0FmVE1XV2Z1Y042NC0wbTNNM0VMZjRud29xX1NfMERDa2h6cXBFNkQtVHhFY3o3RG1vNUxYajd4TlJwUlNaRG9MWlNadEJ1U3ljSTBtM0E1eXZwcW5YbXhQWjJSWlh0LUtqRkc1aExBMEFzVnQ4bEJEX2lMaEpWMkxqTWxnWUVKaFFZUzZPZm1QclZWNGtvOHdwa0cwV1lF?oc=5,2026-04-29
Habitat for Humanity Philadelphia,421580163,Community Health Profile: Influence of the Home Preservation Initiative on Health of Mantua Residents - Drexel,Drexel,https://news.google.com/rss/articles/CBMickFVX3lxTFBTT285Yk1VN1E5emI3bVM5ZUl5MUlOWEhPQ1FsaUNsQUY1MUhkQ2pXU0wzZmRZQW9FcnBHUFc0MWJLWFNHM0RZc1Q4QzBlRDg3NjhiR2R2aldVUUwxdTZ5TjFRM2JyZWYzUG9GMF9NTEVaZw?oc=5,2026-04-29
Habitat for Humanity Philadelphia,421580163,"Villanova University, Habitat for Humanity volunteers launch Pope Leo Village housing initiative in North Philadelphia - Inquirer.com",Inquirer.com,https://news.google.com/rss/articles/CBMiwgFBVV95cUxQZFBZS0VrZzIwNUFDR1JMblFZckhjTzF4cHUzMk5iMVhvcGljTmJSQmV4LWhXSFljYzQ4b2h0b3FOLWpCTlJnZW9Tc3NEd2FSSktCeFlJWnFoVW9FbTBWcHRvaFhQcmtHdDBTT3IxSkJzbkhlWkNwajU4SjI4em44ZS02dWhoMWRPUEQwRy1iZ3ZBbDE3aHFfM1NQTjh4c281cl95eGxlQmZqbnczSHFXY1RvSkFRa3ByTG03bmFUTVhKUQ?oc=5,2026-04-18
Habitat for Humanity Philadelphia,421580163,Pope Leo XIV inspires Habitat for Humanity initiative bringing 26 homes to North Philadelphia - WHYY,WHYY,https://news.google.com/rss/articles/CBMikgFBVV95cUxQTElMX01pWE5VekFaRDNCMG85UEQ0M3VBUVFfd1paTlVFMW1ZanN2TVZvR2RRTFpPOXo4cnEwV3ZHNHFCQ1VXTV93UEQ0b2dzTWxuVElyQWRvV3h4ZGlqbWNGTlN2c1RzbGMzUnhuZl90bTVNTzhQbk5UM3o1Q1VnOU9wc3c4WDNaR3BmWUhDalNaZw?oc=5,2026-04-17
Heritage Community Development Corporation,232698107,Charleston County funding projects to preserve Lowcountry settlement communities - Live 5 News,Live 5 News,https://news.google.com/rss/articles/CBMitgFBVV95cUxQZ25lZTN6RlpkTEx2aE5lWTJNc25oUTJ0aE4zQk9ISkMwN1RNRDFHTXhCUnRLU3hNX0ptelpvUnRIelRONy1Ra1FGcDg3d1N4SEZSUTJBbXU1Z2FLMUNGUHZkUjFaUDJYVU9BZTNYQVgyd05oZWNPaVZ1UDIzWTc2aUY2cEVrQ2pmeUt1b3lOQXFZczNaMFJ6NUtOMWxxbDhrekdkejVGQ2FlNDZrTzljMEQtcHlhZ9IBygFBVV95cUxQNnRnUDZzajd3RWZQLXhKY1A1eFZBaWV2T05uNXY2b0UtQzltcWdvZlBDUVptanJkNm5XcWNueDVFMFZiMUxmTEJMNmFCbzh5OEVuYm9HWnQtVGxqUFpIUlNzbGRzTFNld3NWdFZHQnFuZm1yb2ZEQkVwRDVKV3kxekxTa1pTMTFXUW9pUlZlbDZZbmhXMUZyZTlZQUpvczJRb1FzX0h5dnFhSHV3Ni03YmZTZ2hrRHJFYTlXREdsZkdFdGpPeEdSVF9n?oc=5,2025-11-20
Heritage Community Development Corporation,232698107,"Amos Playground provides a safe haven, despite headwinds - The Temple News",The Temple News,https://news.google.com/rss/articles/CBMihwFBVV95cUxPaWk0eHZ1Q2JrSUI1Z0J2ZXRpNjJiZlFGR3VXeGREc0luR0tCbzgzMmlGV0wyekpYZ0xfUGdQbVFXXzIzSkktUEtkenhWYjFzQm13NjBNcGR4LWViQXdSbjdLb25EQWVDa0h3Yk5YS2NUd2g4UXhubkt6RkRXd3dxLWtzUEowUzA?oc=5,2024-10-08
Heritage Community Development Corporation,232698107,The Zoning Board helps clear another hurdle for a controversial new police station in North Philly - Inquirer.com,Inquirer.com,https://news.google.com/rss/articles/CBMiogFBVV95cUxNNEZDaHJDUk9ad3diRUtjdkYybkRjR0g5cmU0RkhoZ3l2eE43SDZKT2FTSmExbE5iZjg0ZjRld2FOWkZpQ3FlOThnem1QcGV6a2pKdTRvS2pTQUlyS3JJaVBMdlN2VXhtWThlRzMwQkdScFRrbk00Wnl2Yk9qN0RBc2dVRDRjSVViY3duV29DejEwekQ5Mm5lODJKYWxXaGJfSnc?oc=5,2024-01-23
Heritage Community Development Corporation,232698107,First families move into newly rehabbed homes in North Philly - phillytrib.com,phillytrib.com,https://news.google.com/rss/articles/CBMi6gFBVV95cUxQbVVIUDlCQ2l6M2RFZXhEczZ5TzUtVlRSNzdMZWRvMnlhbzRVR21OSVRodDQ5M1IxMDBjZXRwUDNSbUdQVmpTcEg0RVRaNnhBTHJ0THlya1d0S2xYMlJJcVpSUVZTOFk0cjZRWHUtU3pFVDJyc2VUeUFWX3ZkMmVtYjVfYkhETmFOMGVSdmR2TmtxcmVkdDZqeEx1ck04UFpEMmk3OW1EZlRHb2FPcjNtWklkMmllRHROdmlPSzhLTWFCam1hWmpoZXFiUTEwQzJhcWM5dm5MMUl1LUpXY09YSU9BbVNyRmc0MHc?oc=5,2021-12-22
Heritage Community Development Corporation,232698107,PHA cuts ribbon on seven rehabbed homes in North Philly - WHYY,WHYY,https://news.google.com/rss/articles/CBMikgFBVV95cUxObm90MXlDNVk2X1R3Q0lrOC1PQy1qTXRaMVV3cTF1cnR2YVdYRFV5Tlk3M2wzYUh6M0NLTVFPUFlKbW5lZ1loWkJESExzSVhoaTMwekpfUVZKelVPc2t5MDVuSkZaY2ZucVFjTWhzZUVjWDFhc3BXZy1lMTBjWTk1TV9FRE9FTTRUR1NtOFpsZTQxZw?oc=5,2021-12-21
Heritage Community Development Corporation,232698107,Philadelphia Housing Authority Moves 7 Families From Homeless Encampment Into Rehabilitated Homes - CBS News,CBS News,https://news.google.com/rss/articles/CBMi1wFBVV95cUxQTHhTcW5RNDJWNlBienl0bktVOGpuMERtaGNFd3JZd09lRnhNZXM1TWpPQ2FmZGxFdFdBWDhCTlptU29UU1FXZm1taEZnYVBrbzlWUlYtNnd3UTd2ZEozdGEwLVUwSFR1SGcwRWZRb1hNUWFBNlJMbDdVa2M0REVYT2R3dzQ5R2plYnU0WW1hVkZQMXVWaUJ2Q1BXY0c0M3I3Vm5PSG55RUg5NUt4elZLY2RYWE9hMGQ1UVNFVXNnaDFodUdtVld4Mk1GSFJHWWVkbVVLT3phSQ?oc=5,2021-12-21
Impact Services Corporation,232087348,"Charles ""Chuck"" F. Schalch Obituary Mar 14, 2024 - Donohue Funeral Home",Donohue Funeral Home,https://news.google.com/rss/articles/CBMidkFVX3lxTE9na3pEMmV3ZFExWGk0T1NrTHl0bVFfQmNsbkJLN29SWFhPSmwxTGJzYVkzenlxRmI3bVpjeWxHWlZmd1R3aXVVN2VFUGgtV2J4bGNfZTZETHVocklVQ3hab0o0VTRubWFFWUtUTmlpQXRIMXlHM3c?oc=5,2024-03-14
Impact Services Corporation,232087348,Beyond SEPTA Key: New program replaces tokens for people in need - Billy Penn at WHYY,Billy Penn at WHYY,https://news.google.com/rss/articles/CBMingFBVV95cUxQWmNfVGNkMnZ3SThBRlgzRl94TDlzc0UwVmxacnc4NDBiY21nMnlHeUFhb2hJcWl3dnFzb0kwalMxT2xWNGR1Q2pnTWwzbDFIcjgzcFdrOVZqNTY1dF8tS0lFeGFyd1VIY2FSYllhMHJaVXg2am1ad3p4N0psVkoyMW1pRVB2SVQyVmZVUm45TUxNNlJqU1dURElGY3N2dw?oc=5,2018-07-12
Impact Services Corporation,232087348,Can better urban design help Philadelphia fight the opioid crisis? - WHYY,WHYY,https://news.google.com/rss/articles/CBMilwFBVV95cUxPNjhJRkFIVnFHUjNUemFkamVHRFlxc00yblV2YTNCcHRNOFdNeUhYMHVUUm5wVFlvNVY2R19ON0F2eUdCcmtjckFieDNfcEd6dUVtUnVwUEtQOHZsSVdoOUt4czlRUVdFR2w5RjVqVlpYdXpmcmstLTMtNGU3aDJZU2VVR2JBd2xmSHE4UjJjcFpRaW9IMVhV?oc=5,2018-04-26
Impact Services Corporation,232087348,Stop talking about Kensington Avenue like it’s a wasteland - WHYY,WHYY,https://news.google.com/rss/articles/CBMijgFBVV95cUxObDV0SWxSOWZrYTFOMGplVlk0TGMyUWE4R3RCNGpmOG1QM1JYUVRDOS1EMjZ6YW4wUW9LZEpRd1lsMGpEM0RmUEtuZ2s2a1lBZ3BuZ1V3cE1maGhjVG1OQl9RemdqakdnSlJJTXhiQkJfRDNURkV6c0JNb0JSOGY4THJzRlhRNUJnR29WVXNR?oc=5,2018-04-12
Impact Services Corporation,232087348,Who’s (Un)Building Philly: Greg Trainor - Philadelphia Magazine,Philadelphia Magazine,https://news.google.com/rss/articles/CBMiigFBVV95cUxNTkkxcEgxQWM3bElvMGRvcDNWbTZaYXhBb1BNTUxWUGg2YTMzTXFuUGlIUXFjSVhJX2pUZzluQ3RabVhGcnZaY2FDMnZNcURmc1hNcThPNTgzVmItTFprQXN4bVdPRjl4d2pvSjZsb1N5RldkbGh1d1pjREItekVCZVlXSGVJQTlnVFE?oc=5,2018-04-10
Impact Services Corporation,232087348,"William M. Autry Jr., 54, former workforce developer - phillytrib.com",phillytrib.com,https://news.google.com/rss/articles/CBMi0gFBVV95cUxOeEJJYl9fcU80WVNCSkhQbkY1ZkxfTXpUbnJESy11RmtyTjRHMDF5a3FpcDFjMjV1T2tMWUw2eWZpc051SU0yaGlvYUFBemlrMXBraDBaUURKQXpPN1JNbkhaZkNNN002UmJRbnJSckN6Rkd3dGpEeVlBTWlYVHY2dFpIWnlwU3M4WlpIVXd4azg5S3FzOUM3eW5Ec2FzWkxjTkZKQXVUZm5XTnZHbEw3LVFrbmdHUE45cTdRbUZTRF9tNWo1M0JRaHZIM2tZTHNpU0E?oc=5,2017-10-14
Inglis,231352284,American 'experiment' up for exploration in Philly amid 250th celebration - cnhinews.com,cnhinews.com,https://news.google.com/rss/articles/CBMihgFBVV95cUxNczBtbHpOMHZiYTU0dFRHVF9Sa3dQYkFRVDN4T29iOGVUcTYtVmVoVV9hazF4SkItWVd1OVJWVmFtMWRTWlhuZDNqS09xNjhjeWZkZmo3YXBRS2x6elFaTzNwRldnRGNLOGN4X2JBeUxKdG9maWo1YXBkSmt5WjVRSnZoZUFFdw?oc=5,2026-06-17
Inglis,231352284,"Richard W. Inglis Obituary Apr 2, 2026 - Grieco Funeral Home & Crematory, Inc.","Grieco Funeral Home & Crematory, Inc.",https://news.google.com/rss/articles/CBMiZ0FVX3lxTE1yZk1pQm42NTJNc2Z1WWRuWlBtNVI2by1Yb0txYkdqZFVwMDdGdEVjT1czZGh1dzRLdV8yNG1LVUwyYkRkb0VmM3pPMlNYMUR1UXZkU2w0ZmhicUtabzJKeGtZbUp5MXc?oc=5,2026-04-02
Inglis,231352284,"​When he’s not touring with rock band Kansas, Dan McGowan is teaching music to disabled adults in Philly - Audacy",Audacy,https://news.google.com/rss/articles/CBMinwFBVV95cUxNaHFZM1gtc3VObDh0NWM1ek9XZ0UxSUt6MUtPb3BVbThtdHJXRDZxdDJzYjNiQ1k2elFKY0VwNjlVRUR2V3ZxSWh2eU56VVJFbXBlbVJGbVF2elhxNVpGX0ZoZ081eGdZa3NZTVllbkR4eDJ0UW8wUnlTeWhPS2xVcmRRc1NSS2RHUXYwX29IX0s5RkxQY1BLQU5Pa1lBNUU?oc=5,2026-03-27
Inglis,231352284,A car accident derailed his education 25 years ago. Now he’s returning to college alongside others with physical disabilities. - Inquirer.com,Inquirer.com,https://news.google.com/rss/articles/CBMitAFBVV95cUxPNzdfN3VWcU41Y1JZVnB5MVdsLXRZQUVJZldMdFVPYm1Ub2t2bmVweFVnUEotOHhuZ2RaUUJyTWR2UFpZOS1wNURQM1ZJRDkwT3Q2elRXRFFYLTVSRW5pdEliN2s5cmxfTDRYY0NFQ3JIenRNRGF2SXZuS0w1djRBajRoU0Zvc0dHVzlRYXZlbDAxODBVdWJBTG1fSFJzOGVPVEQzb1hRWkVrVzZWbGk1V1g4X2g?oc=5,2026-01-16
Inglis,231352284,TDN Q and A with Inglis Digital USA's New CEO Kyle Wilson - Thoroughbred Daily News,Thoroughbred Daily News,https://news.google.com/rss/articles/CBMimwFBVV95cUxNcnVjVE9aaXRwT2hGejJvN2pudTMwUVRDdnliSnl1Ym5fYlNKQmpDQXE1ODBDUnpQVUp6WFJNYmVWUTRJWVVoVUdva1FUanNuX29mdG1pZExoR1ZVU21pNTQyZmNhM19vd2N1RHZzRU5iUWZOVXJYVTJablR3S1VTUFdpY2RSZzU2T3czbXpXaVZOWDZyQm1DbzlmTQ?oc=5,2026-01-15
Inglis,231352284,Students with physical disabilities get special send-off before attending Community College of Philadelphia - CBS News,CBS News,https://news.google.com/rss/articles/CBMinwFBVV95cUxOMkctd3JXdUZLWUhORG5JWV9HX3RsYTAtSll1UFBEa0dhcHVRTDhEOVVCcjFodnhaMFRFcEx4UURjdnVyWWdibGstX1NNajNOazBNaGx0QnUyd1plR3JNbGNYQTNoeEM4X3NUb00ybHJJQWV0b0VGcHdCWDkwbXpLamNaWnhsZ1lhNGJydG1rWjhKRlJydlNqQTRDRDQwNG_SAaQBQVVfeXFMTmdqSE5OdGpPZGlFWDF0d2FZV3RQSmprcG1KWElGd2thMnNGY1phNVJ3ODBHSkxaTTdNQ0JGbGFsRlg4bHJNZkFMendlU2RVTjdnUnZQZE04bm1ENzUxSUpqNWo3d1NaSm5wVTF3M3dSUTJWS0pBemdyOGZlVnR5NldFRGJjZXZZQk1WaXlMOEU2aU1wdEtSRkdIdkRhYS1TOHdQeHM?oc=5,2026-01-09
Innovative Treatment Alternatives,232735390,Ohara: Making headways in pediatric cancer care - The Worldfolio,The Worldfolio,https://news.google.com/rss/articles/CBMidkFVX3lxTE5PcVA3OWRKVTVDTzJHX1lFVlJCZFB1YkZzSUJjY2RpdUhrRExLQkJqclBQT0ZXeWpmeHBqb1dUNndXNVRSNU5zSWFWSVVrZFhOdnN3T2RER2lOaDNhTDAwcXl4NGpoN3JqMGc1YnU2bHIyZTFBUGc?oc=5,2020-12-24
Jumpstart Tioga,833840366,Development … For Good: Jumpstart Germantown - The Philadelphia Citizen,The Philadelphia Citizen,https://news.google.com/rss/articles/CBMigwFBVV95cUxNaDhlSGUydEZGN3VxZ2dXbWJqRFNNQ1hmSlcxMHlJRlQ3eHBUSXBVSk1aZGdBSEtRbFBBbEN3S29xNDNYMHhtMnpBaERCWU5HMHpqcGZjVG8xdEJrYUhPU1dHejNmMHdzQmtTY0lQTk0xbDFLNTRUMnNndGlPQzFhSEVOZw?oc=5,2025-01-29
Jumpstart Tioga,833840366,Jumpstart trains developers to fight gentrification in Philly neighborhoods - The Philadelphia Citizen,The Philadelphia Citizen,https://news.google.com/rss/articles/CBMif0FVX3lxTE9XZEQySk9DZVk4YldHaVBpamlwVWE1cUVNOVM3a2U5M28wWXNWUDZVQkZlM2dkYzhRaUJWWm4yVl85S3o3Mk5PaGpfMDVfLU5VSFZqOWhtWHVrZGpvTnJmc0haQVZkU0JHOGlmbzJpZFdaWE5iTUsxckNGLU1oTDQ?oc=5,2020-09-29
Korean Community Development Services Center,232303766,The Hottest Philly Neighborhood No One Is Talking About - WPSU,WPSU,https://news.google.com/rss/articles/CBMiggFBVV95cUxOM0tiejZtVXIzSEtYTk9GOGlyVDZYbnVRby1Jc1hQay1DUTY2ZWxJcXgyQ0FJVFdHSzNReFhaQlkwaERHQnpwZ2ZDYTJZTzVoRDYwbTk1UW01TXZHMDMwODQzNnR4N0k4cVJJS0IyM3dQUVowT0RsQVE3NnBLNVZuUXRR?oc=5,2018-03-19
Korean Community Development Services Center,232303766,How Olney became one of Philly’s fastest-growing communities — without gentrification - WHYY,WHYY,https://news.google.com/rss/articles/CBMieEFVX3lxTE8wSzNFeWNjQTRPRU9IdjVoRGpYVVhyR09tYUNsMkhDQVJuejZUa21jUW5YNjZNRGUxUElmS3paTDF1bFB4VTViTnRmRWViWjZrR1pURWhGTnVpZWJrR3YzeUI2djZyTzMtY294UUw4VDNhUDF4WjZJOQ?oc=5,2018-03-16
Korean Community Development Services Center,232303766,"On North 5th Street In Olney, Shopkeepers Redefine “Main Street” - Hidden City Philadelphia",Hidden City Philadelphia,https://news.google.com/rss/articles/CBMinwFBVV95cUxPcVUtemVlTDExVENZU3JoYjV0bmVPRGRzZVlfaGpNTG5Xd0RidXhsajFITVRtTzhMcWR3cDhuRzY3VDhmcG5wblR2VDNaU1Rrai1rMUJwRXFUWDd5RkZsTmRkSkltM0VGV01yUDhWeHBsZ1l4dEhpY0ZpdTVfdFhzZWFrODhfYkJWdjhIX2VPQVVneHFwU09Bc0tpNng4dkE?oc=5,2015-09-09
Korean Community Development Services Center,232303766,"Olney: Named for an English poet’s home, it was transformed by industry - Billy Penn at WHYY",Billy Penn at WHYY,https://news.google.com/rss/articles/CBMipAFBVV95cUxOd2hIc0hIUjV0ZjJTd3g0QTRFSHdyb2gwMVVKb0YzbnBidy1idkgtSkVNc3ZabkZua01hc0ZfNVJ5ZWpBaVd4MUlsQXJzVzZ2QmZCMXd1Y0t6OGpCcWszdUhMNHRZN1hYLUVLVm12enZ6emhZVkNRMHI0S1NTVDE0bDQ4UUxhcVZ6NFU1SzduWU93SFBTWF9lajhqakFZN1AzMThwSA?oc=5,2015-05-27
Korean Community Development Services Center,232303766,RISING PHILADELPHIA KOREAN COMMUNITY IS LEAVING GREENGROCERIES BEHIND (Published 1986) - The New York Times,The New York Times,https://news.google.com/rss/articles/CBMisgFBVV95cUxOSWxZLUc1WmVzMFJDWXpIOGVCeENvRlhKNVJvbEpKRDFDTHNWMllSSl9JOXU3dkZZdFNXVTZacThMQW15aEVFZ0d4RlVEb1JTcmkwNzRZUnBJZ1FuSGY1RHdhWVBWTVExbHJfcmFCYXdTV0tEc0ZvUjVJZU1IRkE4YXBqM2o3U3J6WGR2TUdYNUFMR2xDQ05yWmVZNlFmQ0lDMHRMb3lHX21lazlsanFGOVJ3?oc=5,1986-02-23
Lancaster Avenue 21st Century Business Association CDC,900502551,‘Ring It On’ initiative gives Philly neighborhoods a stake in the semiquincentennial - City & State Pennsylvania,City & State Pennsylvania,https://news.google.com/rss/articles/CBMixAFBVV95cUxOWVdneE9IT05DMnVqeUFqbFpNTDdTbWU5V0dxUDNtMGtfc2RNbm1rUDl5MjVsdkJ6Y1hEZm1YUUtWRGJPR2xENTBreGcwcU9saW1pVXFzYWRPZHk2NDdyTWdqSkhUV1piblRFbFJiWEwyTzJyXzJ5V0RrQl9Jc1BwTS1iM0F5czZzZGx3a1Q5djUtYlBYZHVRTzBTUVVUcGhPdXMwZllDWnFzSlBITnZFVUFfUFViWHdwZDB2TVNINzNETGdo?oc=5,2025-09-03
Lower North Philadelphia CDC,823231994,Ring It On! One Philly: A United Celebration | Office of Special Events - City of Philadelphia (.gov),City of Philadelphia (.gov),https://news.google.com/rss/articles/CBMiggFBVV95cUxPV1VrajRfSG1tSkZMRDZVazRGZWUxSW5RR3ppakIxZ0RFU0k4SzdEQTJMbmJYamxTeDdocGM1Z0hXYmU3NkVESUY1ckhndER5YVVKSERmV2FCdmt5MWxDa1JZNTA2OEMxc1ZvRlFxU1ZDSmFndUxmYVFmS2IwLUNzVHRB?oc=5,2026-04-29
Lower North Philadelphia CDC,823231994,"City of Philadelphia kicks off ‘Ring It On!’ in Point Breeze, driving investment across 20 commercial corridors - The Philadelphia Sunday Sun",The Philadelphia Sunday Sun,https://news.google.com/rss/articles/CBMi0AFBVV95cUxPcDdnaHNhRGRMdXM3cF9CdFB2RlREWUxIdm5YMFBUenk0Vl9EYVFKY2s5Ylc5aFNQSFNQTll2aFdqRHE0M09ySkxGTXp4T0V3RGdXVzkyWW5lemNFeHN0QXpFblVGM2pERXFqaHFGVUt0TkROaGdBTHVfeExTeWpPVC11NExnY00wODNsVnZMTHBLY2kxcnpWeVFWRkZsalA0elg3ZzNOR1FoUFZ6eWdJSjRwME00cHJZc3NhQ1o4c2RoRndjTGk2cVRJY3FmY0Fr?oc=5,2026-04-28
Lower North Philadelphia CDC,823231994,Stop-and-go task force makes recommendations for controlling this longtime Philly headache - Inquirer.com,Inquirer.com,https://news.google.com/rss/articles/CBMilgFBVV95cUxPNEtZTUoyckhSNUMwUi1La1BRU2psLWxPVDlJRmtLeFpsSXBybklpRU51Z1pTZVU0N2NkeXQ3TGRqODl4ODBoZERVYjlSOVhjOGVjR0hha3FiLU55a1hsN0pIU3BZMFZnN3V4QXJyN096QTVlNzEzX1FUYWdUT1JmNXBobHZMSWRsNEhEN1hXN2JsZGVQSGc?oc=5,2024-10-03
Lower North Philadelphia CDC,823231994,"Four decades in the making, a task force takes steps to rid Philadelphia of nuisance stop-and-go stores - Inquirer.com",Inquirer.com,https://news.google.com/rss/articles/CBMimgFBVV95cUxPMmFWN1NWUUdlT0s4QkdUMDU1STNFakVkcllHX2JwRFU0QkVPa1FFc3ktVGoxb3ppMTRFZmxoY3hWYUl5Z29JbDBKc0xOZVlGR1BHeXZZNEVaQ3piUG9XR3RseXI0V08wYXhLeTJUS2FPZ0t1VzJGcGlzNWE4ZWFQa2FQaGp4bll5bDg4UmctT1RIT001OE5yZnVB?oc=5,2024-07-24
Lower North Philadelphia CDC,823231994,"If activists can’t halt the building of a controversial North Philly public safety complex, they want a say in designing it - Inquirer.com",Inquirer.com,https://news.google.com/rss/articles/CBMi3gFBVV95cUxOZ2ZmYlIwY1BJR205cHhGTUJ5TDJIYWZNUTYzdzZ6amZMQms4OFdSOE5kaGtHWE5odWJzc3hSY3NHSk1SRl91N290T2lQdmZsdXF5Q09Vd2hNeHBiQ2I0dU50N2hIX1d2NU9lMm5majV2VVFuTVV2UGpybTNmWlpYMmdNcWZDeFJydXhJYjdodWhLRURlbS1WMjVMTEoxa3g2VlU1UFcyb182Z1NSa1BKYVB1S2R2VjNUeFZKa2U1dDlWcUxObUlpd0Z0N1RRaXRHNi1lUjVpU3NWQ0g4VUE?oc=5,2024-02-20
Lower North Philadelphia CDC,823231994,PHA chooses community partners to renovate homes in Brewerytown - phillytrib.com,phillytrib.com,https://news.google.com/rss/articles/CBMi7AFBVV95cUxOMFlqMTQ0d0dXcXdZZDdWM2tVOVAxejVaYUFmRXRjNXFBR2pXMi16SFlvdXBYb09uMS1KQ2xPNlFKQlVLMUg2NzBLU05vTkE4bnFiZHNJdGd5LUNSaDVsQlFOc1lJTlV5LTJTcHdicXF0Vk1CdFlUU3FxMEZSbDVFZFg4VHAtbGphaEpHNUtEc19HMXM5aldpVkFsMTJZRjZRNXZIYzJTRTRvbk9veFF3eFo0RmIweXRGN0tLZEJZNEZ2TEViY2dqNlhLaTNKdEZZTURwanBOUm16cXY3Q0p2aGdDdUY1VmVJQ205MQ?oc=5,2022-03-05
Mission First Housing Group,455470563,"Montgomery County Executive Elrich Celebrates Construction Milestone for New 90-Unit Affordable Senior Housing Development in Wheaton - Montgomery County, MD (.gov)","Montgomery County, MD (.gov)",https://news.google.com/rss/articles/CBMiiAFBVV95cUxNVURNaWFva1ZxMDV6OWJQUTgxMERFX3otcjFRSnAtWGtoTjBSVEJibU1ORTVKYWdEdVZVcnJKeG1yUnJhNDAyRk96RmU4N3lKVFRUdDk3OGVuamMtOTgzMTA0ak5icXdQZ2MyMDhjZUdkQk8tUnVmQnVKYUhHQWp6cEctNWhRblZY?oc=5,2025-11-21
Mission First Housing Group,455470563,Ribbon cutting ceremony held for newly renovated affordable housing units in Center City Philadelphia - 6abc Philadelphia,6abc Philadelphia,https://news.google.com/rss/articles/CBMixAFBVV95cUxQVURhV1hMTFFvNi1WZ1V0aDNCUjFGTEIyMVhQQ2Vpcm5FNWs2WTU5bk11WFJPUTk5M2IxV0lHYW95YlNnVXlidTVCZlZJNUtkWTRSVXpaTmhORVhrR0FJb1ExUDNGd3hUZ2wtSk1uejBPci1GV3lCV3VMNjNRWU01THo4YkZBMFdqaXdWMWZNcXJEUWUyWkRWOVN1dEdrREN4N1BuVlBQQk1tS0x0ak8wWUo0eU5seFRzQS0zSW5WaXc3UERU0gHKAUFVX3lxTE85dnBqVHNvaHlWSmRjNkZCNGZJcm1yNTBxNHNTZ1N5ZnZ3UjFIS1Z4bndXUUU4TEdkNmRONkhsc0k1S3pQT2VadUY2SjJ3eElIODNVWXhWQnh5Q25FNl9UOTVmblFJRGFDOVlwWVZFMGdqR3d6S09yR2JlZ253X3J5cFdMOXdDUXplQ1dMUHljYzJYRXdsYnc0WHM4aEpudFhkVHExa2FUTlk4UXpDSHlPVTlnenlpMHZsQk1fUjlCeVJjQ3l3djdhT2c?oc=5,2025-11-18
Mission First Housing Group,455470563,"Columbia adds 76 apartment units for disabled adults, older residents, families - Baltimore Fishbowl",Baltimore Fishbowl,https://news.google.com/rss/articles/CBMitwFBVV95cUxOR2RQYUlaZ0dibmM5LVlSMWgyZ1d1ZGxqam9ZbmFJU1I0M2NIRGc4YzdySHc5WWtuVUdGZFJLczNYZTJwQUprel9wYWZtX3lKYWwzOUotQTcwVmpRVEFxYVVLdHg3UkE1RTJ6LTVrb1pzYkhISzFQUXdLamVPVnV6UGxMVjVfZWZWU3plQWFLSXNLX0JwU0NGbzd2cXZ6ZnlWdEVlOFhSZDdyWkF3ZzBDWWVIRXBpTGc?oc=5,2025-11-06
Mission First Housing Group,455470563,Patuxent Commons Opens To Address Housing Instability - Patch,Patch,https://news.google.com/rss/articles/CBMilAFBVV95cUxQVW52TUFQV0pmT0lhNzFWSW5oRXhfQVEtbFlwZnlIUV9OVGRBNUp1Q1ZxT0RLei1iOUV2a0x5VTlqX3V4b0M5OTlkT01fbUEzMTBjX3JxLU9WeGVwaDFsSW5ab2VHb0FMNnRwNWlDTWpxN3BaZy1BcUwyTWtSRmhPS2V4TzhRRW9wclREdThJRTZNRlMz?oc=5,2025-11-06
Mission First Housing Group,455470563,Howard County Executive Calvin Ball Cuts Ribbon Opening Transformational Patuxent Commons - Howard County (.gov),Howard County (.gov),https://news.google.com/rss/articles/CBMiVEFVX3lxTE5pNGZ3WFZyeHRQaEQta3IwVWgyd1VneEhaWXg0d0RIeks1ZzVwaG54dlR2NXBIbFhkVzRYY0hjVGdMVWE2LXVMQ3RsNUFLSS1ib2t3Xw?oc=5,2025-11-05
Mission First Housing Group,455470563,"Philly tenants reach settlement after suing their property manager over mold, leaks, pests, and more - Inquirer.com",Inquirer.com,https://news.google.com/rss/articles/CBMi1gFBVV95cUxOVmlpcVE2amtPR3lUb3REY01CMkk1NEN4RHA5b0FwWDFKR1VwWVB1aVc2VVlJeDR0aVZ3X3ZINnBGZG1uYWlZZEhNNGYtTWRUUF82TUp5MWRSYXdlRng2X0x6N01SX1Q5bWwyS1U5dVFnbGg5dkwtRDdLUC0wMWE5V1BMTkxhZzJZQzB6TkVLODVEa1JULWowVkx1dTRGTEU0ZkxpWkluSzNycndUMklDbVVUN2RfTXRCQXBqUzYySF9UUHVlWURncFBGcDNVZ2lJVlBydjdR?oc=5,2024-11-06
Mt Airy CDC,222526396,New Mt. Airy Pride Festival grows from community organizing - Philadelphia Gay News,Philadelphia Gay News,https://news.google.com/rss/articles/CBMikAFBVV95cUxON19ZbmtBaVlKLWZSLXh1ektWNXIwdnI3UVB4VDNXQUZmN2UzMFI3MU80MGRNLWJCdGVNLVo2QXh4Y055cWRQLUdCRTAwVHRSZ2YyVFE2MjFpcF9YZUhSYWtxUEVVR3lWMllOOTFmbkxLWExNRER4NFBqMkhrTGdhM2ZhWUxhU21id3ZtOWZEQXQ?oc=5,2026-06-09
Mt Airy CDC,222526396,Replica Liberty Bell installed in Mt. Airy - The Chestnut Hill Local,The Chestnut Hill Local,https://news.google.com/rss/articles/CBMikwFBVV95cUxOMGE1dDdYYzl6c0tWb3phRkp4Z25reTdwZTN3Ui1EUGZkakpqRTlrOG1HaGtZZ09JLVJlbms4NHNaOWVnZlo0dVdhN2laeklPdlVJbGVnTGEzam1LLUlyV1kyR2FEMGNGY2k0WEdPX3FMUFU5OEdaZnRMdkNvdGZ5R2FMWVBuRTRfM19jaktjWlV3WjQ?oc=5,2026-04-30
Mt Airy CDC,222526396,Frightfully delightful Halloween activities in the Northwest - The Chestnut Hill Local,The Chestnut Hill Local,https://news.google.com/rss/articles/CBMirAFBVV95cUxOOTVUSGZMMmVRcVNJRFBUNmpBNzVSOHZ6NnBNaUk2d2JMM3JvZmx5WkI0R0t6WVE0MTlrblJHb1FjUzFGNWthYWRCVXczVUlNNXhUQ0VhZ3AyU0pLR3FaNC1BeFBBZ04zQkxocEgxS2pQU2huTGFhYTdBRzZlX3VFQTdkV2otM1M5STZxQnpWVDg0b0lHdU9uc2FLZG1jdFZTTUNHSXFLcnBrd2ZQ?oc=5,2025-10-23
Mt Airy CDC,222526396,Kosovo President Vjosa Osmani-Sadriu feted in Mt. Airy - The Chestnut Hill Local,The Chestnut Hill Local,https://news.google.com/rss/articles/CBMiowFBVV95cUxNRTFqYTB6WTVqcVlNVGNPRUg0TkxPS3JielJhQXdmVnQ0UWFaX3g3TFVPVUNzNGVucEJEWTJaOHUxc0tTVFhVTDhiRUtyOXM2RC1EV3JiWFJ3WUpIbmtRNndKR2RMXzRDNG01Z1pBLVI1bU9FX2VsY05vZmx0Y3E3M3JCaWluYnBObzFWXzNLWC1DOGNzOFZjR050bE9XYXhFT0FN?oc=5,2025-10-01
Mt Airy CDC,222526396,Dueling outdoor screenings of ‘Wicked’ for First Friday - The Chestnut Hill Local,The Chestnut Hill Local,https://news.google.com/rss/articles/CBMiowFBVV95cUxNaS1SX0NrbDZUWTZkejFseWdfLXZlc3NiZ0J4WEtmTnJiTHV2QTVqczJhelQzWG5HOHZxQ3QxMHNwcE9XUUZodXRvTmg3TVpxVjFXLW8tc0RWdHlEdkJMM1hRMThCV2hoVkRFSFFkdzJ4SHI0RllIRC10NU53R1R6ZzlhbHV1NERIZFpaRlFwR0lsdi16Z2w3aDB2cDI2Y1V5S0lv?oc=5,2025-07-31
Mt Airy CDC,222526396,Enjoy dinner on a car-free section of Germantown Avenue during Mt. Airy's Supper Sessions - PhillyVoice,PhillyVoice,https://news.google.com/rss/articles/CBMihgFBVV95cUxQUEZiVlgxLTM1S0FKa2dhendGdXB4dThQMTJ1SzhvUmFfUnlpQjBmYVNyZnRyckxQWDU2YkdMUm9qR19LYmVKNEhiemtGR3FtQ09xak85YXFiMTd4THc3MmlRZ0pXU1F1eTR6QURCSjV0UWs3VzE4VGowNF9yM1RVWWt5bEVNZw?oc=5,2025-06-02
Mt Vernon Manor CDC,232037301,Esperanza land trust creates affordable housing for North Philly families - Billy Penn at WHYY,Billy Penn at WHYY,https://news.google.com/rss/articles/CBMiowFBVV95cUxQM1RKZ2ZjTHhZX2JYX091N0NuRmFJc25LM0pGU0pVclhGZERUT29OaVhGNVlraGZHMVZyZFJHS016WU9seHBlc0ctVm9hOGYtdEF1VndoNkhicXZseUtTQnhmWjlIU005R3BDbHROU3EwMWZta0FVRG94akVXc21EdTZDMjFvaTd2eXJ1MlJWeGxIZ3NuaGJZeU5LQmhiNEY1U0cw?oc=5,2026-03-23
Mt Vernon Manor CDC,232037301,West Philly apartment building will bring 40 affordable units to gentrifying section - WHYY,WHYY,https://news.google.com/rss/articles/CBMiggFBVV95cUxQcDMxZ0JQbFhic1dpZENxWkRRalJTd3o2SThiWXh1NXo0QTd2ZjRpT0RfUExadWdUT0JacDJldF81YnFOZi11OTRRT2V3VU5oR3NwRjY2VWFuQ2FIYnNfdTVPTGExam1kdkxPZVoxeG54UmppY2xyRWpBSjRiRV9TLWln?oc=5,2026-02-12
Mt Vernon Manor CDC,232037301,Habitat for Humanity breaks ground on new affordable homes in Mantua - West Philly Local,West Philly Local,https://news.google.com/rss/articles/CBMisgFBVV95cUxNMGNGQkZwWl9xcHdhWFg0ZnVFa0hQd3NPUVhJSlFnZW5LaDBfTFc4dGlsQ0dGbGp5V0lZRzhaa19tUEZKb3ZGbS1CdS1qWURjaVA0S0swX0JSMjFXSzJmWnVlMElQM3FtdWo4QnA1bnRsSDdhRTBLMFhIZTZ1LVNkVzRRYkd5NTFGVnFKRllLRzNFRmMyaXRPYVZjUElEV3hBQkVUZGlRbzJjV0NQYzktNmJR?oc=5,2024-06-06
Mt Vernon Manor CDC,232037301,"West Philly residents to city officials: Get money to grassroots startups, do job training in the neighborhoods - Billy Penn at WHYY",Billy Penn at WHYY,https://news.google.com/rss/articles/CBMitgFBVV95cUxQZHNlWUNVQ0J6YkJUV082ZHNuQ3JQZmVfR01OSkE3Yk5uYUhQbHJ6aU9tMENNdEVlejRpbHFLOF9QeW55enY1aGVsNW1fZGpnV2VsZEUxU29QdUo3aUd0em9wZ3lJTUE1OG03SEdzbFVwOHpSYVBFT2theGF0Rjl1SGxuN3FKY3JzekVmSmE0LXltUVVCQUliR2JUQ1ZaRDRyR0JKeUdweVE1SlZaTjNDVVVEbkI5UQ?oc=5,2021-08-25
Mt Vernon Manor CDC,232037301,"Why 18 strangers spent 6 months raising $150,000 for Philly public spaces - WHYY",WHYY,https://news.google.com/rss/articles/CBMinwFBVV95cUxQLTRWVEV2Y0h2NzJySVVJTXU1WWU0R0dHQjhza3JwVWtKa3lnSi1LYjc3d0JPY0tWUGIwUnQ1QXVZbjREWWxyNVRjZTFpdlkxc0pVMW1vcFczVFgwLTFhT0Joc0RQREhuS0FuR2FiOHNQYnV0UUtvN0xra21VcnJjdHAyS1hMa1lVa2pzZ3h6Qk5nQkpIWXdfcTlxWDhwWjA?oc=5,2020-03-12
Mt Vernon Manor CDC,232037301,Affordable forever? A new kind of housing comes to South Philadelphia - WHYY,WHYY,https://news.google.com/rss/articles/CBMimwFBVV95cUxPT0ZhdG9QeGNRclZXWWYxVGE5MzR1Q1pOekdQRElBdmVzSVkzLXJ2dFRQMnIxZFN3RUVyblRKeDU0N1FldlU4QWdueHZObEIwcGM2S1JlZS1QODViVk9neG9LbmIyaEVrLUxoZmY2LUVqcGtSeVU5VmNIYkgtVjVUWnlBVjlvR3Y4MkxUOXA2ME5ZdG85VkhQT1NMcw?oc=5,2019-11-12
Newbold CDC,542184458,"Sausagefest in Philly: Food, beer and music at block party on Passyunk Avenue - FOX 29 Philadelphia",FOX 29 Philadelphia,https://news.google.com/rss/articles/CBMikwFBVV95cUxQUXF0U2M2aGpqVHBUZzVVVUdWNGVZZ0wyX3ZObHNENEZIeXNWcjBzOXV3T0F3MUE5QWRTUnN4Yng5V1NPeTdnQUFPQlgxN0w3cy1XM3N1VmE0NEhUZTY4dHJtV2loU2hEUVNCeG1iLXo0bS1zcTNMTm1SYW40S29FRDh6NUxlMW43UnptVGpkT1hCd3fSAZgBQVVfeXFMUEcxclBwUUdDZFVlLW9oZ2Y2U1dySnAweEUxZEFFTnJEaVNyeGptVExSaFdRbGd6cTVnN29ldHFXa1h4dXJITjNDQzgxS21odkhYZEJaZ05rNm1lcGFGOWFYdWJ3dXppNXJtZU5IeklNdnRMZWpiQXlJeTJzOGstVjF4NVVnd0JzUTZRRS1ZSHAtTGpvZGhJUEE?oc=5,2025-09-17
Newbold CDC,542184458,New upscale cocktail bar has a big goal: Uniting East and West Passyunk - Billy Penn at WHYY,Billy Penn at WHYY,https://news.google.com/rss/articles/CBMipwFBVV95cUxOZXdmaTc1SDU2emFEeTlNQkVhZERTM05KY25fUkJlMjVEUFBmc1dXS0ZiX0xkZHdUOEdLVW9nYWNJZkJvd1FQS2NCMzNQY2lVQ3hiZnNnLWlqSkVwbHhWUnFoTjFiZy1vWGRoZ2E5RlJmQU9NSG9ITWExenhNZm5TMnVtMDFfbi1jX0RRYTQyVUdaVmtmd3BSYXQ2Z3VfWkxLWmdwWDVaZw?oc=5,2017-05-28
Newbold CDC,542184458,Why a Newbold name change could bring peace to Point Breeze - Billy Penn at WHYY,Billy Penn at WHYY,https://news.google.com/rss/articles/CBMimAFBVV95cUxPblFmdFQwZnFZZ2FZVHRsbWplbXJvLXRNOVo2V3RBZVJucTdoUE9kcWYtbGphQmxCUjFZWF9SV0FqTy1uallSN1RvbUswV05SYVNqQVkydVI2QTRfVUM5OFNwMW5QVmZFbEpDNXBmVzBReFFrMS1QNjFic09Cb3AzOGtBOWV4aldDc3oyNGh3N0p1QzdWeTRtMw?oc=5,2016-08-08
New Kensington CDC,222610536,Philly violence prevention groups say they were flourishing. Then the Trump DOJ cut their funding. - Inquirer.com,Inquirer.com,https://news.google.com/rss/articles/CBMipAFBVV95cUxPeWFrTmk5YVQtTUd4VzZ4ZWdQRUpoLXAxZkEwNUlYWXl3NkFuUGJlTXdxMGpxdk82dVlDTVhWVFlTVEIwbnFtSkg3MXZ6cEhPRGU5S1JVeHJIOGVtZkc4cjF2X3czY29LYlFRWG9FSXh2WHNOaVI0UUdaa2hqQ1k0TWFLc01wUUwwZFlkcmdVYmxZNllDNFNnN0VFR1VZWVExWUlUVA?oc=5,2026-01-08
New Kensington CDC,222610536,Philly opens drug recovery home as part of Kensington revival plan - Billy Penn at WHYY,Billy Penn at WHYY,https://news.google.com/rss/articles/CBMigwFBVV95cUxOQzlVV1BHWDVHbGNBSDdBTVROMGZBYlRET254RjljYnpwMlRiVVFhMUlhRlE3M25WclpRV0lobnB5Rms4cnFRd1dSR0tEUW1OeFVnYml2V0hCR1N2anVmaTREUVJlMHFyem5kQVo0TURLM0t1bEp3Q3puc1lFV182M3RMcw?oc=5,2025-01-09
New Kensington CDC,222610536,Boom to bust to blight to bloom: The long and often troubled life of a Fishtown lot - Inquirer.com,Inquirer.com,https://news.google.com/rss/articles/CBMiowFBVV95cUxPQjJsOEVOOGg2a1l0cmtURGt3b2V5TmRRaGRJbHFvSDNkU1BGc3N2ZDRpQzRXQTFRZ051bG5vLXlPa0VyN2s3RzRXVHc2RHVzRndGc3g3TXVzVzJDN09XdGM1LXItSzJuVmc4YVp0WHFlOHY3TUZMdjNGRGtvdWFHYUtfdHZpeUp6T0dSVm9vRmRvMlRUOWFrWnJoNnVzSlVqajRJ?oc=5,2023-12-09
New Kensington CDC,222610536,Philly awards 20 grants to Kensington groups battling opioid crisis - WHYY,WHYY,https://news.google.com/rss/articles/CBMimgFBVV95cUxNd2Z3eExaXzdrUVhMdUoxM2YyQjRaeGhHSmQ2RXB6U2pKSldFTjRHTWFsV1hEYWdJZnNjMXRDbTN2UXFiaE9TcEZSbmY2eVhRMXRFTzJxQjd5QU0tQUtyUVVxVFYwNEhUQ2J0LVJFQXlVa3Z2VXZDcGg5dnJjcVNCOTNvdVpWZjVxY3RoMG91MmJMc3FSNkJJMTJB?oc=5,2021-07-14
New Kensington CDC,222610536,Opinion: History is repeating in Kensington. It doesn’t have to be this way - WHYY,WHYY,https://news.google.com/rss/articles/CBMilgFBVV95cUxNOV9lcUpBMVIwSVQ4dmJrR2ZwZEkxTllUZ1psRkhlMU1pR0J3X1ZvSDd3SjlyeUdadmZRVVl3cFdvcFhLTUV5TlRjWW02aTlmTWVlQ0gzUDJLS3hqajgxaVdEV3hBMzZlNHhpNU10VVotSmFlSW5lb1NvTGVfQjhYTFVLY1NrZHRmcGxaMTNwZWhZelZfWEE?oc=5,2021-05-02
New Kensington CDC,222610536,‘What we need is leadership’: Kensington councilmembers say mayor is failing community - WHYY,WHYY,https://news.google.com/rss/articles/CBMirwFBVV95cUxPRVJWM2Q4R3hBN0IxQk5JZEprMU1mdDNjZjNaWDZSX2NNNUtIdE8wbmpURG5Lc1FZNDB0cU02RlR4VnlIdXktRUFIdTlqSGFhNFJWcWdlOURuNDgzemdHcW9LQjdPanR1NFZ3TVM1ZklNXy1uZFIxWWU1TndkT3JhZkJpeDhLN1dmRno2VGl2ZnQ3VWFTNVpfUHhwZjFFYXVBbDJMNWU5VDRzcGNvY25V?oc=5,2020-07-01
Nicetown CDC,233061705,Germantown forum calls for stronger violence intervention - phillytrib.com,phillytrib.com,https://news.google.com/rss/articles/CBMi5AFBVV95cUxOSkE1SWYyZ25jX1hvR2tMRkNOeHcxcHRtZkU1SHdkbHdpLVN2NFMzRUo2VC1tcHF5UnpldzVDUFZyVEw0UkN6bjhabFNYR1ZDOFRKWnkwQ3J5VTBVam5zQkkyRmJKT2diRzNLZFlEdlFSVnVDNV9mdWpfRTIwSzFJNm1GZ1dpZjdOTG9UUHlaNmlPS2FwSWpWOXBtRGxiNXROTjhKV3YyaHphcVZJeDRDRDl2SVAxZEI0eHdFamFkcjlFdUVQTktXeDl2ay00WVRQS194Vk1kNlhkQ3lVWjRnSW9NQWM?oc=5,2026-02-20
Nicetown CDC,233061705,Nicetown Community Channels Strong Spirit to Persevere Amid Decades of Struggles - PHILADELPHIA.Today,PHILADELPHIA.Today,https://news.google.com/rss/articles/CBMid0FVX3lxTE13ZVNhU0Y1cGRHZ0ZjdTUwaVd3amJwRzMtRHNjdU52TExESmxLTGU5QnBRSFNmS1EzSl9nR0RuX3J3bXV6YnJ5azA5Q3hwcFpDUGkzZ3JpM0RQeWZuRXpoaDE2TWlOR0QwOVFVS28wWWljb3VkejVv?oc=5,2025-04-25
Nicetown CDC,233061705,Here is where you can get a free Thanksgiving meal in Philly or donate to help those in need - WHYY,WHYY,https://news.google.com/rss/articles/CBMifEFVX3lxTE42dk5PVmFwU3RJbXZMVjFZZmMxMTVhZXpxMG8xYkJJUnpOOXBBREpTUDdpd0IyRWpHNWdNcGxDYjhKN1BTMnlBdWV0U0FRaFQtdEljcXdYOUNvN043cjdSYndsUlVvWkpEMF9ILU1UM2ZvcE9ZLUs0bklZVTg?oc=5,2024-11-25
Nicetown CDC,233061705,Police officer injured in crash chasing alleged stolen vehicle in North Philadelphia - CBS News,CBS News,https://news.google.com/rss/articles/CBMiqAFBVV95cUxOQm4xZ0ZvRzJSc3ZjbE1SQVdCcWVVbVlhZmgzYU9rc0VYako5TTJBWUNvQXFBZXQtQ2ZCaE5IRDdTSGJ2b3AwQWx5X1ctNVRQUzdxM015THZseWZKUnNzYi1UWWZxOEs0cWZYaHhrYTMtQkUwOVotc3JzdWJ4dVVYRUF3Tk5VNTVpai1kRUtqdHo3Q3BSRmNPajBNc1VmYTBieUJzYlN4YWs?oc=5,2023-08-17
Nicetown CDC,233061705,Peace is at the heart of Nicetown's 21st annual Give Back Festival - phillytrib.com,phillytrib.com,https://news.google.com/rss/articles/CBMi7wFBVV95cUxONnRNOXU0d21Ua1NmSDBXd1lWNGdyTGVSZDR6RW5JdXg2MGNjVnQyQlZLY0NvUkwzVHM3UTBrRkNYSkUzMGpONFFCanRaQUhieDlfTkRxZXJTdTl2ZjRLQU1PQ016RFV5WkpVWURiZUE0WWpGc0g2QVJNOGJObGNZYW1Wb1RyaUlzVV9sem1MSWpxTnczcWUxTTlyVW1Qd0F5b0czV2kzckMxQ0h5UXROSUtSbGpUdXlqQ0FiNUlwZDIxRDFNLXRxLXBaYWNacTBrdU5YMDNxSkVLbnNOSU9YazNsaU0taFl6cWwzLS13TQ?oc=5,2023-08-11
Nicetown CDC,233061705,Nicetown advocates hope the new mayor will help stop community violence - WHYY,WHYY,https://news.google.com/rss/articles/CBMicEFVX3lxTE0wUGhQNk9VUkFENkRjd3RMSC0zUEdkMjJSMFJzV2VtcDY1UDgzdkc4THVEQzJ4dFdNT09odmx1RGdDM3l2U2g2QXRkX2UybWtjdFFYa1hWdTJrcnd2LVI4TUJtTllNT1lNNnJnTDEyMGE?oc=5,2023-08-10
Norris Square Community Alliance,261297642,New guaranteed income pilot in Philly underway to alleviate poverty - WHYY,WHYY,https://news.google.com/rss/articles/CBMiekFVX3lxTFBsSHZMMXFISGxJc3ZLZmhCaV9LQlNGOXJzTmhQZnFob1lLWEtmSDNTc18yeU9NbHA3VGF4cHduMFZ1Sk1FZHlnazBhU2hKZ2dYTFpwMUlrTXlqMnBKVHlXSjlFZjJyaTRuV0s3WEJ6c2xGTlJ1SzF1Zm1B?oc=5,2025-03-28
Norris Square Community Alliance,261297642,"Xiente launches Busesito, region's first preschool on wheels - 6abc Philadelphia",6abc Philadelphia,https://news.google.com/rss/articles/CBMiiAFBVV95cUxOX05PY1lOaEVTS1R4R2ZBNzhiVHBRRUVEVnRmc01NZUlRQU5xTmNyOEkwU3ZTcGlWNXI0UzhTTF8xLTY3SjduSUEzLWVDVGRDMTBSVUpGa0JwVnpPQmREaUJlcjJxRThBUHJGcF8tS0NpU1V6S2NaNTZ4ckNobUFWNTBPZzdxVzdK0gGOAUFVX3lxTE4zUU5zWnN3QWNsNHBLWkdMMlJRY3BfdTgxR3loYlZrZFFINVdQeUVWYTU1SWdRckpmRVZUS1ZpaHh3eHJROVdUWTZHNWxMYlB3NFFLVUxuV3p5YjVJbWY2UDhwZjZpd0p6MFkyRGdLUVExN2ZjanotRFhyYmd3MXBlM2JEZEtlbjA2OHpvNEE?oc=5,2024-09-30
Norris Square Community Alliance,261297642,"Improving Economic Health, Generation to Generation - The Philadelphia Citizen",The Philadelphia Citizen,https://news.google.com/rss/articles/CBMijwFBVV95cUxOS0YyME10VFdkVi1PcUhCdF9NbkxPSHMteU0tNDlWSV9Mbl9LTEgzSGtxRmpmbVJCWVd2NnFtamk0N0lNMzU4UE43STdoNTRfWVNBY1VaT01XckJFanVfMTFsR2tLVEdTbm1YazlTa3dUbEVrVktfamtqTFFwZUgtODA2di1uaEc4VmlhcnI5VQ?oc=5,2024-08-21
Norris Square Community Alliance,261297642,"With a new name and new services, Xiente hopes to grow prosperity in Philadelphia - WHYY",WHYY,https://news.google.com/rss/articles/CBMihAFBVV95cUxQdW5Ic2p4WnRodlhua1pwSHdob1VQTGNxRDRNazhKT0x5RWpWWThNcC1wcHFJc0RmM1BhRkhxeG9BSDF2QmE2SFdaMXFZcXc5MEk3UEI2NVRBcm9FOHI2enV4d3Zja0VJbHprdTFqQUpQa2U3c0ZPVXBlOHI5a3hXcjg5dDY?oc=5,2023-09-18
Norris Square Community Alliance,261297642,"‘El Busesito,’ the city’s first-ever mobile preschool, will be rolling into West Philly soon - Inquirer.com",Inquirer.com,https://news.google.com/rss/articles/CBMioAFBVV95cUxPV0MxaEM3YXlqRk1hbnFDNUlmLXlzak5mdElpdUFpbHM0U1VWQW01Skl2SjM4b1d6TzBIdExoR3A3RG5fX3kxdHBlQjNWY0RtMmxZOGgzSnRLNVVXWUViM1BnZzIzNHNNdmNueGRQV2hEUnZ3aWhOVHBFOUZmdEdVUW14Mkw1ZUx4ZWtoajJlbExKNElxdWY4YnlsREQzXzV1?oc=5,2023-09-18
Norris Square Community Alliance,261297642,"Dr Michelle Carrera Morales Creates Opportunity, Equity In Philly - Patch",Patch,https://news.google.com/rss/articles/CBMiqAFBVV95cUxNWjVkNFZJYlV0RW85cmtLVXFWWHppeGs5X2d0a2ZlWndOeWZiWUtRRmlOeGJhUkpGQjc3V1AtUDV1OHhURGYwNTZQajV2YnZVWmZZVEx1NUdKemNSVk03MU5nT0pLVVBpeEFCbGR2emUyS29GZVR1eEhNNFlvZ01PR3J2SkxlOUVGY2ZQdHJIU2pybGVTSTBDOW5EQjh0bDlNa0pTV1BMbkM?oc=5,2023-09-18
Old City District,232176305,Market Street in Old City gets a $16 million glow-up in time for America 250 - Billy Penn at WHYY,Billy Penn at WHYY,https://news.google.com/rss/articles/CBMiigFBVV95cUxNb0pGTnp2dmJKZVhIOHF6QWZPTVIwcnkyMDY0cUNTUDMtSUxtNVpMcnpsUTBidXhtSHhJUnBtTjRWVnBzN0l5QmZLYk1tUmlnM290WE1oTnZINHhNRWZQT1RSS3VCYm5DNl9adm5xMW11aHdROHVHaDg4YmNrZUh1aHh5M01wMlcyRUE?oc=5,2026-06-09
Old City District,232176305,"Safety, accessibility upgrades debut in along Market Street in Philly's Old City - NBC10 Philadelphia",NBC10 Philadelphia,https://news.google.com/rss/articles/CBMiygFBVV95cUxPVC11ZEYtR252QUs4LTBuR09zRXctRlBBc0dxZ2NYdGt1YWxUMnhfMlEzSndaZ1Y5ODhnUXQ1TFR2Zi1tWEoyZ1JtX1h2NmdOQ1kteVF1d09fczB5Q29YMmFDMWsxSDVLdlgzLThIVXpEWHpYTnFQU2phUG10ZmZiZVZQdUlhTEdXLWIzeTdrQTdXNFItcDlEUnNweG56ZHRXaWI3emJWbXY4NTMwNU9OOGdLWVFhQjc4UkNwbnhVdXFJWHpJSEY1SXZ30gHSAUFVX3lxTE1ianREVkdvdkFtZzh4dlU1a2RrektRU0UyMzBHRDBRTTZic3FtR3E2WEhab2wzQ3RGQ0tpVnR1NVhtYkdDRnI1MXI4aHZXZVg1SzZhb3ZBaTRqS0hLblpDcVFxWkd3WE5zTk5haVZyWjN1cl93UG94Q2tvOVdDSmlmT1pRT2xzUFZ0Ym1RVkxOVS1EZ3pzRjZpMmJsTjFoekNrNTRLTlVKdWNBeU5aMmdBc2xYSGNHMEl2X3dEZ1N0SEhleHpQSE92dUc0VHhmVlNuUQ?oc=5,2026-06-09
Old City District,232176305,"After 18 months and traffic snarls, Market Street improvements in Old City are complete - Inquirer.com",Inquirer.com,https://news.google.com/rss/articles/CBMiqgFBVV95cUxOQWlTa0JvbGhOS1dpZ3llOU1pa090NGJXY2p4TTkxMHJub2pwWFJhenRGYlJXa2lmWlRtTUV2NU8zMTQ2SlV3dlB2dUl2MVRrNmNIQ081aFdsTmRMQ2ZGVXQtcTdQbmNkMGpReGpoTGFNbTlrYXVoQUdhdGlXZW5QWi1wWERCd19taEhET0UwV05nS3V3SUFxLUlSN3A1Q2pmLVkwaGR6ZURqZw?oc=5,2026-06-09
Old City District,232176305,Old City Eats Block Party returns June 4 with expanded footprint - PhillyVoice,PhillyVoice,https://news.google.com/rss/articles/CBMihgFBVV95cUxNNHBBSmtaNFBVRWQ0Yk4wU2NWejJQdHdrOWk1T29qUU5uMVpVbHJZT2ZaVUtfb04zMWdhUzVtRDRUZTB4UFhUWlQtZUFuSWdRbWpTbWhYYVZ4MmpacF9FbFhaRTRwQS1CODczTXU5WG5kaTdjU2NIeGdLMnBFTnFuVWp0aHFjQQ?oc=5,2026-05-06
Old City District,232176305,"City Breaks Ground on Commerce Connector, New Pedestrian Path for Old City Visitors - PHILADELPHIA.Today",PHILADELPHIA.Today,https://news.google.com/rss/articles/CBMiggFBVV95cUxPMlU1elg5RmlHTHJJYWpnZjFPamdqRG95VE5nV2VpOTFLZTFoZ3pCSXNobzBMRWVZMVdldTdnaGhIalNtcUtUTERJWUxZU2FfU2RhV3NrdFpxX19Gal83dWRRb1l0X0YxaDByU3VtOE1aY3R4UHIxYkFpUUZNVzlqWDZR?oc=5,2026-01-07
Old City District,232176305,A hidden alley could become a key walking path in Old City for 2026 - Inquirer.com,Inquirer.com,https://news.google.com/rss/articles/CBMisAFBVV95cUxQUU9Oc2lPWm5uLUVnNVpua2R2Z0p0TS1OcjhfVFZIblVQczFIbms4X21Gc01BRFFZRDhzNk13S0UwVTV0alJCWllFZ2FLUUNMSF9oNm1GazBja2lORFI5QkpJYzN1cHdfaWlocXFxWHhpdEJnNlVwTkdYUk8yYlFqTml0WnJvSlF0ZHZOM05Od3Vuam9GNW16cWlKN2FoSmw0WEx3bzhlc282RUE3VkRMQw?oc=5,2025-12-18
Oxford Circle Christian Community Development Association,204984694,"New $65M Investment Targets Gun Violence Reduction, Afterschool Programs | Commission on Crime and Delinquency - Commonwealth of Pennsylvania (.gov)",Commonwealth of Pennsylvania (.gov),https://news.google.com/rss/articles/CBMiqgFBVV95cUxOckFRVVZkcUxfVGNZM3dqT1hEY2Q4YVNubEZYdFQ0bGlJV1NYQ29mN2lZZFNRSEhUNy1rN01pZXBiSEYxNmRvTWZ5bzNnbE5adFh5VUk4Q3BRRkRoMS1VazZqMy1HbEd6VUwxOVh0aG9sQ1k2WGs4TG94azNXZ25UTHFKZ2ZWdllZWlN2a1RsNkMxNzFoc2JLUElNTDlhWmYtQXVzLVBBbElLQQ?oc=5,2026-04-15
Oxford Circle Christian Community Development Association,204984694,ODAC Hall of Fame: Leonard Dow ’86 - Eastern Mennonite University,Eastern Mennonite University,https://news.google.com/rss/articles/CBMicEFVX3lxTFBGMUptWVFicHhrSnhDdzhRV3NkSUk5Yzk5ZHRLS0p5YUJDckZzU0NqSzBGUUxFdnd1Q3RqOE5zYVJ1ZW5OVDBYQUgzUzgtWjAxVmV5dkk2bVc5ejdDMnlKb1VrMFptWDg1eEhOOTQwQTQ?oc=5,2026-01-29
Oxford Circle Christian Community Development Association,204984694,More Trash Cans Coming to Northeast Philly Neighborhood in Effort to Clean Streets - NBC10 Philadelphia,NBC10 Philadelphia,https://news.google.com/rss/articles/CBMivwFBVV95cUxNNmtYUFo0SlktcGl4N3NaU1BaRkFvdFNXX3hneV9QWWxLYmk2MklXNFU0MjBzeGZFcWtRcVpmY0pPaVRnU1ptcm85NF9zQXJaRktUZzZPM3hpak5ieDcwa3YzaFVOdUJIZk1JSE1MckFnX2ZaeU1UOFAtcHBwOVJyR29TdnhfRlRWUkFDdnk0SXJnZEg4YmZsUTY1eGUxV0JGaUk1RGdURVByT05GU2JwYlBBNF9zQTVWcFdIWXI5ONIBxwFBVV95cUxOX25XWlBkOUNDNTV3bDMxWTRyTlhiVnc4YnRQbDRMdHZieG1RZ0hUQ241ckJ5V1kzMkpUc3pndG8zT0ExOTNLTjhlaWNmY3J2VjhZZFZsczhCMkQxczltaFRuWGRQNVFjdWNpLW1ydDNucUFDQi1hTmc1dmNYRXVCT3NEbURtaUlTbm5GTy1pRDBaSHBBN3lPMkFNdUd3UlNXSzd5VXRUZDNrYl9QNl84N2xwYjVzOExkaVU3N1VnZ01MdG84Y0FF?oc=5,2023-03-02
Oxford Circle Christian Community Development Association,204984694,Workforce development expansion in Castor Gardens - Northeast Times,Northeast Times,https://news.google.com/rss/articles/CBMikgFBVV95cUxQb2RmQ2Q1RHEtazlCam91czlhRGxEUzFtNTJYNjJkZ2UyNWh5WGtacmNsXzhOWEdsR2JCMWN2b1RDRl9kMUF6NlNEOVJKTmI4U0ZhRHhJR2lES3RCbUJhdzRWek9OcWppeGhCRlBNVEttdDBqeWtTc21xR2c4bEdtTVFualVBSHI1cldTbFI5X3ZQdw?oc=5,2022-10-30
Oxford Circle Christian Community Development Association,204984694,"Philly’s Castor Avenue business owners say the pandemic knocked them down, but they’re climbing back - Inquirer.com",Inquirer.com,https://news.google.com/rss/articles/CBMi4AFBVV95cUxORGdaRDFCM192RlY1WmlmUXlsUTRGaUlDQjliTWloR1p4LWxpbnpxYWw5YkswZlZhOXBHMHpqVXpIdG1IVU1JelpOaFhiUnVnOGxaSlNIdXByTGZxMzN4OVVud3JEZE5KazAyOTdEYkRCS1pmUHJFdkc2cU1kMS15WE01RjFvckZzenBPcmo2TllqbTNheGZ0VXYtYnpqczJOQWFEUWRGVXFFWmZnYTQ3eDkxMWFmcDZkZGo5UTFiWFdKVHB5VTRVY182aktWOXlwM204eW1halVJdlFRS1d5eQ?oc=5,2022-05-03
Oxford Circle Christian Community Development Association,204984694,Tarken gets upgrades - Northeast Times,Northeast Times,https://news.google.com/rss/articles/CBMia0FVX3lxTE1iQXVwT0tQRHc1N3g0WVZyc3Q5SG5OWVFnZXdzTVJWRDdvTGNXWHZBWENrOWppTjJlMlMyd29aWWNxQWd2SXZtWHpBQlZickVYVnNtN1o3a0ZlM2JuU1B2QURabnNXNU1WT3lJ?oc=5,2021-12-22
Philadelphia Chinatown Development Corporation,237439723,"Holy Redeemer Church and School’s Nearly 85-Year Legacy in Philadelphia, and Challenges Ahead - PHILADELPHIA.Today",PHILADELPHIA.Today,https://news.google.com/rss/articles/CBMidkFVX3lxTFBJY1l2anp6NkZIMlBxdjBsbmFYSGJIS1lrZ3l3R1JCYV9yMlUzUmRKSHM4cDJyYWNIQTVPRk5zSnlSRkJ4TmZPTHo5NmxKT21CM0hONEt3MHV4R1YxRzVyN2V5QVpKTXZtYjhyQUxCcVVmRzdPekE?oc=5,2026-05-25
Philadelphia Chinatown Development Corporation,237439723,PCDC celebrates 60 years and looks ahead to Chinatown Stitch - 6abc Philadelphia,6abc Philadelphia,https://news.google.com/rss/articles/CBMijgFBVV95cUxNeU5NV2M1UFY0X3c3YzhEeFhEbjRUZE9uYkZHTmx5Z3R0UzkxbXBocVc4QjNzM0dscVZZa3pONHFFaUdYVkhsXzVySjFIVmtYQ2ZKYl9zbTdBTHV2M3laU0Vxb05yeW1zSUpkTjY0Z3NUOURKZDc3S2J5ZTB6MzZOS0FjcGNGeUNGNXFXSmJR0gGTAUFVX3lxTE9RUDJJYnhoMHJGZHhtYnJ3TzRfRVdwNWE4NHdDa2ZYZVE4cTJRQk9fSUt3eGxkZWFVbkhCeXZnOHVvQWhDQ2NUdU4wMGoybkEteS00WFI5Yi15cHpHd0FkNTJzUWgyOXpLaDNkY3AzYzdPcmJuTUdzaGhOV25WSzE5Vnh0NlFadE5yNy1FdFpEQ25NQQ?oc=5,2026-05-18
Philadelphia Chinatown Development Corporation,237439723,"Visions: May 16, 2026 - 6abc Philadelphia",6abc Philadelphia,https://news.google.com/rss/articles/CBMiYEFVX3lxTE1nVVduaUkxVnczMU9QUzlscFVEZHNNaWVPWjlkaFk5VG9YWFNqTGF2LWxWWDNuMTZhSjlraERTRjlpNmYxd1VVWHVSb2pMb0tOdHNtT1hSNUdXVmQzTGdqYdIBZkFVX3lxTE8xSjFXU0hPQjVleTdYUXBtWGpoOFpndWc0MTRpVWduR3cxbTNUWXl5NXNleHMyOXd0eHpNTnNxaGU5WDdkLVQyY1VNeVRfTmJrRVAyYVBBSDJVU3ViVGkxVGhOVVV2UQ?oc=5,2026-05-16
Philadelphia Chinatown Development Corporation,237439723,"Philadelphia Travelers, Community Members React to Intercity Bus Station Reopening - PHILADELPHIA.Today",PHILADELPHIA.Today,https://news.google.com/rss/articles/CBMihwFBVV95cUxQamxzQldCMFZ1UGZxVWFjNGNaNjdUcHBDY3hTNXVBSlowWExLTzZ6R0lyN3VoemFXR2hzRXA5U2RBa28tdEFBbTlGc1hFZVlvUWl3R0lBQ0xLdFcyNzRqSllPTHpQeXV6X3FTXy1WRkdUWG9POFFwNjRhQnYyQ2pmSjBvSWhIbUE?oc=5,2026-05-06
Philadelphia Chinatown Development Corporation,237439723,"Philly travelers cheer reopening of intercity bus station, mostly - Billy Penn at WHYY",Billy Penn at WHYY,https://news.google.com/rss/articles/CBMimAFBVV95cUxPSW96QnRTWFIyajZfV0NwWHJ6TS10bWctZ2pWT1ZaLVhxU1pEc2l5YWZsYnlwNk12ZTJJb2xHV1dXRERLcW1SdEotc0RvQ2IyMGctaVlsZ3VLLW9mSHFjV3lEWWQxekhnQmFXTEdodWZlbXVVNG5EdVRIcWhOOGtkMlpfelN5M0ZCUmZTSHZTRW14Z2RoeGFpMA?oc=5,2026-05-01
Philadelphia Chinatown Development Corporation,237439723,Plan to keep Chinatown Stitch alive after federal funding loss hits hurdle over design funding questions - WHYY,WHYY,https://news.google.com/rss/articles/CBMiiAFBVV95cUxQaVR6ZHFrMC1vUk5uSE5VWk1yVVB0SmNYZG9XSms5Mzh2YjVKQm5GdTdNck91SE85ZUhEWEpfXy1sY1lFQ1NCNk5TM0ZJM1dBTGk4UHpfSTBJaks2b21YVWs2ZF9tcERiOUF1VEFxNDNaemJqZWVRZTM5RDJLenVBTlVXVHkwV3Yy?oc=5,2026-03-18
Project HOME,232555950,A $25 million lifeline in Philly for unhoused drug users with major health challenges - Billy Penn at WHYY,Billy Penn at WHYY,https://news.google.com/rss/articles/CBMipAFBVV95cUxOTkV6azRnRmtJNGc0ZnpHODJ1ajZmQnkzdWhnaDNzMXViZmNLVVdkWnpaN3RRelB5cUFyMlZldS1iMkZYaW9xS0p6NEV5VTZ4bHFuV25peWtEVlBRYUJDb1V6S19uVUJCMWJiN0JvVHFXYXNkVkNaNjhmQjYxc0s1alRsdlQxdjdjMEV0UTdFUjlzSklRNWZqRExzNk5YRUpwMTNoSA?oc=5,2026-06-11
Project HOME,232555950,"Philadelphia working to create 1,000 more long-term homeless shelter beds. - Billy Penn at WHYY",Billy Penn at WHYY,https://news.google.com/rss/articles/CBMiiwFBVV95cUxOSTEwSVotSElaMDFYaDdQWG0tUGJCZGo0Sk9JanpBcG1hTTFlRGZXRGozWXRiR24wTjFBaWNlUkJreDBSQWxVTHk2VW10Z1ptZG9yQ042ZzgzajI5cldMN1dTb2JaNkl6cEp3eUJsMmZKeGZDSlJsZjZVUUFKcGdBRHVaWFNRSkswdU1R?oc=5,2026-03-02
Project HOME,232555950,"At Project HOME, providing shelter is just one link in a chain that restores dignity and offers hope | Philly Gives - Inquirer.com",Inquirer.com,https://news.google.com/rss/articles/CBMipgFBVV95cUxPRzd6cTJQeC16cFZHMTRDdXRXbFpKVUlISWxPMWRpck1qVEV6Z3p1MjlJOWFiM1Y5bG9UTFlwR210R1hXQlpIZ1NWUHktYkFJUHVZNDFJeTBUa3ZiOU0wNjJlTU1ORzg3bi1zSzRXN0pLZ0F2eWVyQy11R3p1V1V3VUdZYjJRcjZhRHRkdjA3Q3YwMjEzRWgtblhaYkd3MDBUd2UwS293?oc=5,2025-11-27
Project HOME,232555950,Philly Braces for Massive Housing Losses Under New Federal Rules - Governing,Governing,https://news.google.com/rss/articles/CBMinAFBVV95cUxPX3Z0aVRDTnI1TUZIVm1hcXlLaDg0R0hwTDVGdmhsMllRYkxNNWpRSk9CMnRENngxMjVWXzhSU3dtOUtfc2ZQeWdrdG84aFVOYmdHZ3pDTDk2ZXdEeHg4NS1MMTZRTHVzVmV3OUE3THFrWlpCTmZDeUcyQkpjVndfZy1zaThnSTUxNmpPYjVTYjdsbEFsSThTV01lQWQ?oc=5,2025-11-25
Project HOME,232555950,Project HOME fighting to break the cycle of homelessness in Philadelphia - Impacto Media,Impacto Media,https://news.google.com/rss/articles/CBMirgFBVV95cUxPNEo1MEx0UXR3MmFYRFB0ZVNpWFNxTHhXTnAyUVJuU3JUc3RuSmNlZnVERkRhdGx3ME9Ba29ONTFsUjNHSWdrdFN4Vy0wQ3F1RjBCZmhCeHN5bW5vZGV3NTE2bEp1aVdJR1ZQOU9yZ0xPbzhuU1FSdEU4YmFPWmZzTTZ0eXZSWWRvT19IbnpSZGgzSXBsOFdKRzV3V2R2QjFRT1dxSlRFLU9VNlhpWVHSAa4BQVVfeXFMTzRKNTBMdFF0dzJhWERQdGVTaVhTcUx4V05wMlFSblNyVHN0bkpjZWZ1REZEYXRsdzBPQWtvTjUxbFIzR0lna3RTeFctMENxdUYwQmZoQnhzeW1ub2RldzUxNmxKdWlXSUdWUDlPcmdMT284blNRUnRFOGJhT1pmc002dHl2Ullkb09fSG56UmRoM0lwbDhXSkc1d1dkdkIxUU9XcUpURS1PVTZYaVlR?oc=5,2025-11-21
Project HOME,232555950,Philly Gives ushers the city into giving season with support for The Attic Youth Center - Philadelphia Gay News,Philadelphia Gay News,https://news.google.com/rss/articles/CBMitwFBVV95cUxQZU5ETHBRa0IybEV6aHdFNHVEVU1hcnR4RXAtbzc3Q3dlSDl5eWk0V2N0TXBGYWxERUpfM05FMlM5VG9JdUxmME9iQW9XSHpLQ3VlUFd6ZkpDaW1sZUR0YnVJLWhXT2hOREtIMjl6SC0xeEJaS0lybFJMYVpjSkpjNXhNcE9OMGNDZ3dWTDZ3c0tud0s3T1hQcFVNMjEzWWlMb1FrY25IMVZiMTU5Y0ZkNnlyZk5FREU?oc=5,2025-10-29
South Street Headhouse District,232844044,Churches across Philadelphia celebrate Easter - 6abc Philadelphia,6abc Philadelphia,https://news.google.com/rss/articles/CBMiekFVX3lxTFBGMFRjUVFFc25lUWkwdmlHVFVyRDlPUFpIa1lfeTFtZWJCQkx5aG1EVzJDYU5WaEpqcDFfWkNfXzZLZ3FMSHBXLWl6eUF2NUYydG9Sd2xueWR5UDROVTdJLUxxU3YxVjYxSldZMTBwVlcycnpQenZhRDdn0gF_QVVfeXFMT0dUUmhsWmxDcG5HSEdVUnpvcndpemZ5MHpaTGMtWXVodElEZVdRUi1WVm81a2YzMUI2em92Z2Nfb2hPUGVfX19XU0pTeTVpekQ2MkJxdi1xTHhvMk9oVG9PQWprT1dUX0xWZjAtRmFDVzUzeEliLUM0Q2owVGFtdw?oc=5,2026-04-06
South Street Headhouse District,232844044,"The annual Easter Promenade on South Street draws festive costumes, despite the rain - Inquirer.com",Inquirer.com,https://news.google.com/rss/articles/CBMinAFBVV95cUxNdkZwc3BrTXFlVjNQNXBkMldjZ01GVFNEQWFrYS1CV2Y4clF1RVM0VWFnQ3JkOXQ0bDBNbUFJY2x6em5mOFF2XzBMWURxeTVzMzZ4b1dpNmJ2dzdwRVd3cmlxRGJ3NmtKMWZxOExlNElGc3RNcFBIS19nR2ZMLVoySllTM2VWcUk3RVpJN0c0RUhFOC11RDlVdUdqalk?oc=5,2026-04-05
South Street Headhouse District,232844044,93rd Annual Easter Promenade returns to Philadelphia's South Street Headhouse District - 6abc Philadelphia,6abc Philadelphia,https://news.google.com/rss/articles/CBMitAFBVV95cUxOb3p5cHpIZHdFd0lCUHdyYno4V0tacFNVWExvSkNieHlLUnA5V2xDVE5uTTRtSDNJSFFJdUJpVW1sY1pMcE1MNTJlSzUtMTZuV3hidmxSN1h4dkN2bGQ5ZWhSak90aWpZSlU1VUtyWnBVODRwd1VMakRNdHFKQjlVeVlTblFRVjNjeFhiMEpGdURISlJXQWJBWU1EcHZhcDdJUE1OaTh6eG1STVA4TExQMEZNWmHSAboBQVVfeXFMUDZYYnl1eHlUT2xobk85UjRyODNQS0ZJdnN5TVVQTC1uVjNBWmZpYi04TlJObXNVWkFIdVBOaFN5R2JHRk03S25WR1JyTFRxcW85WW5EWld4S015R29WcmtqNHVfNHdDV2NsZUs2VFVhaEktcWY5eTBfSHBFYjJHcFRsZkFqYkdxVTE4M0F2aDdtbUlTa2FBRlY5M0p6MXVVdl9iQnhZRDhBMEItSVBGblhCLVNZbjFLUUt3?oc=5,2026-04-02
South Street Headhouse District,232844044,South Street seeks artists to design new lamppost banners for beautification project - PhillyVoice,PhillyVoice,https://news.google.com/rss/articles/CBMijwFBVV95cUxNNnNoWGlWMXM5aFM2eGRFalZJQTdnVmZwei1NRmNVS2JWZ3RDRjdBTVJCRDU0ZnVVWG1iYndGbWV1aDBlTUptcV9qb0k3R2djem9OMnpfY05NcHBPRExvNmRGNWFmREhZaHBySjBoNFUyWnVSS3BFYTdmcEpXOEplVXRvWmtxdkU3QzlNSEtKNA?oc=5,2026-01-21
South Street Headhouse District,232844044,A Guide to Society Hill: A Walk Through Centuries of Philly History - Visit Philadelphia,Visit Philadelphia,https://news.google.com/rss/articles/CBMif0FVX3lxTE53WkV2VWx6djVacmQ4ald0ZG9Zb1lpSFpLUnJDYlBreVkxZ0NSd3NsV05iRm5rQTU2alNOSjYydHZ3QlVna1F2cG4tRmR3OEN3Z3ZYU2QxSTNXbFNqcnhvbDM4Y0hLUXIwUzRKeDdWMW5mamRKaU9VTUQ3cDVId0k?oc=5,2025-10-13
South Street Headhouse District,232844044,A Guide to South Street: Nonstop Energy & Unfiltered Charm - Visit Philadelphia,Visit Philadelphia,https://news.google.com/rss/articles/CBMidEFVX3lxTE94ZGdwMEtLM3lOaHB3S24tUUVpaXBya1hQUF9qZkR4N3Fvd29oQVJsQkxXWXFIRFlvajZaZ3VwaVBqcmF2SG5kSkpLZHNxbzRUb3lFdkNIZFBKRUthUjNhWmhmdmw0X1c1b2lmR2RDamJ4RjBa?oc=5,2025-08-26
Southwest CDC,232491247,Capital projects in Southwest Philly cap busy 2025 for Rebuild initiative - phillytrib.com,phillytrib.com,https://news.google.com/rss/articles/CBMi-gFBVV95cUxPSGN6UzhwRUxqR29hREF5c3BFMXZjbUJTejQ0dS1naEliYS0xWDdyM01sS3QzZE5fcG5IUE5MRDc3dlJnT3NTRldGYXRSVWYtUGsxM05UanNkaXJlNGh4aFVWa3oyejdJMURzajAyWDA2bmpPMHNQZG5uZ2NaUUR0MW1pVnhSZHRUQU8zRG5JVE5PaXpYT3AxbERuUjdUcWpzcTQ5MGM1QjFDZldJY1lkc0R2VFU5Y3hKOERxYVRhUTNPN0oycTJJMnJfdkp0Z3A2eWtCWmJhTTNHZ1JLYkhRSk9RdVNTcE1DTmRSYkZCbWJnakRvdWIxRjJR?oc=5,2025-12-24
Southwest CDC,232491247,Southwest CDC Celebrates First Phlebotomy Training Graduates - swglobetimes.com,swglobetimes.com,https://news.google.com/rss/articles/CBMilAFBVV95cUxQNlJzZURoMXlFaTh1SWgyWU9adlJFX0pURlJiZGtYMnNwQ3lmaWJJNHd4U1VFc3BnekhhN1RNZGY0UVJjQUp5NWR4N0hhR2NlZzRjRjU0LVJ0eTFhMzh0Mk9Fa25wU0d0b01ZMmpiVTRSS0lWdHI1Njg0ZUtrMHRmbWl3YWtjRXhSWUFTUE1KRWpLdTlP?oc=5,2025-12-16
Southwest CDC,232491247,"Remembering Joseph R. Young, Retired Southwest Community Relations Officer - swglobetimes.com",swglobetimes.com,https://news.google.com/rss/articles/CBMipAFBVV95cUxPRWRsU19mSHRCcEJRcGt3WmtHdF82WjhEVnVWU1hlWE9kNU5fZzdhaW9zdTlwcXUtZ3ppc1RmaWJYemJob1NjNDJ0ZEJ0TlZPbXkyZ1dIMElqV1VMUnQ2R0VtQ2QzelFuakJTTy1CQzdJVWh1V0FQRUFYaXBNckVtLTh5cnJTUWpJdDZ1c3JONVAxaTRxSmkxdEVlbC1NbDRQNEVGXw?oc=5,2025-04-04
Southwest CDC,232491247,Teaming up to take down blood pressure disparities in Philly - Penn Medicine,Penn Medicine,https://news.google.com/rss/articles/CBMilwFBVV95cUxQbmJKTjhvQ19nMzlmM1ktSllCaVF6LWY1Wjg1bXp4VnBRWU1zV3ZkV0l3YWdPQl9qRmQ5TnZ2OXhBaXNEcjU5VVhOeTFDNEUzZmc4cnlWcElXX19WS3U1bk9yMWR3cTA5MFF6RmRRaWEzVG00bFV1eXU3M2V2TFpLUW5tUFhXR01GaUFEZmxvVm9veWJybWZz?oc=5,2024-11-13
Southwest CDC,232491247,Honoring Former State Representative James R. Roebuck Jr. - swglobetimes.com,swglobetimes.com,https://news.google.com/rss/articles/CBMijgFBVV95cUxNSVdhX2JaUWRPUElMU2xPd2s2ZUY5X3hidjVuRVBValM0M1dlRmwwV21kanMxeUhJWmhQMzBTai1QZ3A2b1RwNHNtWGw4Z3BGY3RzV1BEcnByX1JjS0VFR2NucjgteEpSMmdVaWZnSkhlV2dTcjNzZnhxN2FXbFNWSEh2UmdyT2hzRDM0dldB?oc=5,2024-05-31
Southwest CDC,232491247,Southwest CDC Staff Introductions - swglobetimes.com,swglobetimes.com,https://news.google.com/rss/articles/CBMicEFVX3lxTE1LajFwS01XdGFsOVpkVmdKTmpGdUo3bnp2QTlTYXZnaTIyN2U5NVA2UkNZWktQRmU0VUZ3ODlhSlhmT2tzaEwxMExLNFozbkJHOW9GYzRyYnJDcnR4LVlWRm4zdXVkeFctZWFDSFZpb3c?oc=5,2024-05-10
Tacony CDC,233052060,Tacony Community Garden opens - Northeast Times,Northeast Times,https://news.google.com/rss/articles/CBMid0FVX3lxTE1YSHJXcEFQT09UTER2NzBLMldRM3JQVWtuWmFDa1hGWGV0SlVBTjRYYkI3SFp1Y21USUp0cGY3b0JlRHAtZWJjQWZFQ0s5NjNXajY5RVhIdldFQTJfRjVXb05jZEMxQmw2MzEyR1NhYVh6RnZGV1lF?oc=5,2026-05-29
Tacony CDC,233052060,List of 2025 holiday markets and locations to shop small - City of Philadelphia (.gov),City of Philadelphia (.gov),https://news.google.com/rss/articles/CBMilAFBVV95cUxNekRxaV8xTDQtWXViZ2pMdjNoNjhyLWl2WGxRSm5xUk1Od0xVbWlnUENKdFNrZnd0clQ2QzZ3NVVLcU82N2Y1TXdLZjFCMFFnWU5xS1BZV2JaWkZMNmpmVTBiNXZ3czNHUnBKOTc5ZGdPb1p1OGFuMjNZWlhYWVVlY05fMkZwOU1SRTVsb0Y5VWQxdlVY?oc=5,2025-11-17
Tacony CDC,233052060,Thunder Mug Cafe comes to Tacony - Northeast Times,Northeast Times,https://news.google.com/rss/articles/CBMie0FVX3lxTE1ZSDE5c0xqMEhNZkk0Q0I5NzNiSVBRNUdJZ0hwTmVfbE1Qa2R2aDJndW1DT3MxV09Fem1oSmNqZ0kyVlNsU0dKMmdadFAyYUhjU0hYbW1xdVc1OTlETEU5LVVUVjRVaDFyNGI3Ty1UR24xekdFMmdETXlaSQ?oc=5,2025-05-17
Tacony CDC,233052060,Tacony Community Development Corporation helps businesses apply for the Storefront Improvement Program in the areas it serves - City of Philadelphia (.gov),City of Philadelphia (.gov),https://news.google.com/rss/articles/CBMi8AFBVV95cUxOaUlxNzNkUi1hQkFOVlVCMmZIaGtIZjRRZGYxUUlHOXJvV1JOX1AwSnJOeDc1NW9OVWxRNkN3U2ZNQzFFcWJGZnpMcHZYZThwRGtsMzRJY1piSGFFOGZwQ1dLTWtBRXc4em4yWjBQemF3MVFIY0hiekczRUpqck4tU2dtVWRpMGp2MzJYX1A0RE8xdnZZa3RoSngtQ0I5NXdYWlBPY2lwaDMteW9GN0dDQ3dkYTBKUFhaUFUxZmJYRVZxaVFMWVBBdGQxRHFSUlM5R2UtbDVHV2hieEVVTTVheHE1Mnl5VnFrSDBwaDVEN3Y?oc=5,2024-10-10
Tacony CDC,233052060,A Neighborhood Revival in the Northeast - Hidden City Philadelphia,Hidden City Philadelphia,https://news.google.com/rss/articles/CBMiggFBVV95cUxNVmp5a2g4U2ZwTDlzY2ctVGRqckRvaUhMX1pZYjVNQTlaOVdvOHhPVnZ5WFRsTFBZS0RSdGh4bHc5SlBOZ2prdzBvMGVoMHZMZlZreGZGZGRZNlctTERSLW8xN2ZnOW1iQkR4UkVqUDV2eGl2aUVFajBqVld6bVQzaWN3?oc=5,2022-09-21
Tacony CDC,233052060,Tacony CDC honored for preservation - Northeast Times,Northeast Times,https://news.google.com/rss/articles/CBMif0FVX3lxTE9HR2hBd25hNUt5NTBLY0l5UmhoTVppV3BhMmMwRzNZQ0J2eXlreVd6aTZTYkh5Qm5kOHlkVWZIYUdHd0ZGNks5NEpPemp4czBkOUhfeU1vSDYxa2FudEc5V1RWWlA2ZkxkYTFMcHlXM1hlZGIxQVVweExEanFUNVk?oc=5,2022-07-06
Tioga United,233101958,Owego hosts service of remembrance in front of Tioga County Courthouse - Yahoo,Yahoo,https://news.google.com/rss/articles/CBMikwFBVV95cUxOdldoQ01uSEJTU05QcTFWUDNJUjRTX3dTSGFUWWNJVEE1TE40VzA1XzVkcUhwRzQyUzVMY3JRRkFMblR3OHAyMjVlNVBaS1psaDhhZUtaQ1ZaUlBuOEt2dHk3MkFOcGpkQ00xRjVpN21OMGV6NlZoV0pQci1jdE1aVGsyNWhZMm80VjVuNm5GZUFXOG8?oc=5,2026-05-25
Tioga United,233101958,Tioga United Way begins installing Hometown Hero banners in Village of Owego - WBNG,WBNG,https://news.google.com/rss/articles/CBMipgFBVV95cUxNZDJDTTlmOGd6cjZjT0lIUldMbldsWURmVGhtMVhnUHlKalRjZWdJcTI5aWlhMjBsLWZkQUhRSl9pdEVrQkhrTjZLcUlWR015Zkw0cm5xRDZxRlllTnhmVlA0Q0h0YTVFRXNIN3BBbzQ1ZUV3Wi1tYkpiNFNVSVJiN0tNd2QtVHprNEcxUUZhQzZ3NnN6TTdZSm5LdFRBQlZqTWhCbTFB0gG6AUFVX3lxTFB1cDBPSXBtX0tjV3ZxMExrSjNQLUNPNUpOVTZfaEJENjRFUjZ4YVBGd1BVVmY5YXdTb1gwX183NVhKamNkYUpIUEh1XzB4bC04YTM0blBFUkdfbFdtRnU1clRDRHhJVC1NRE53dTJWWjN6eHVsR3N0b0dQS0l0WXZKeElSWlc0RE1takNQSjZGam92Z2lBeGZSRXJqQ1d1YjY4MC15cndCSV9nTVdacm9NbXM4TGdweWFqZw?oc=5,2026-04-21
Tioga United,233101958,A flurry of grant money is flowing to the Philly region for environmental projects - WHYY,WHYY,https://news.google.com/rss/articles/CBMiggFBVV95cUxOUVdCajlCUVozSjBoOFFmbFFGM19oNHQ5QU9iV1A2Ukp5bTQ0WlgwTkZSWV84WHJJRlJOOTBZT1dkX0k1d2tDNmFDUXI5dVJDckRnNzBlVDBBLXJ5eXpBZlpvQ00yNWZtQS1NRUN1aXF4WXItMVlmajI3ODF4SWpUUTRn?oc=5,2024-07-29
Tioga United,233101958,Curious about working for the City? Attend a May information session! - City of Philadelphia (.gov),City of Philadelphia (.gov),https://news.google.com/rss/articles/CBMiowFBVV95cUxPa0d6QlNQcXVEanRmMjhoWnNqekN4ZDBMRzdieWhiaWF2dElhcFg0UHNtbUVLdDVrTHJ6Z0V2WDJPNi12VEFqcXN2eDNHMGlqMWktMlAzeDB3dkVaMUdXaVhGd0R4c0cyY1Q5TEcwa1R6akgyelJCYTB2MDN5Qy1ORlFBeW5OQ2JVNHk0Q2VKcVcxUEtnTFhkWV92NlBvcEFyZVBr?oc=5,2024-04-30
Tioga United,233101958,"Mary Lou Butler Obituary (2024) - Bryn Mawr, PA - DeBaptiste Funeral Homes, Inc. - West Chester - Legacy obituary",Legacy obituary,https://news.google.com/rss/articles/CBMif0FVX3lxTE1OcGFhdjgzX3NPbEl0emtGSlZxZHBKZE1LRXBtV3A5c2p6V2NWVl9PSi01Y1lEVWYyYVNvMXpBdHNNQjhnQXI0cFZDSzk3c055ajhVRkNnM3J0bTJoRE1MblhPcUpTWlFHUGdNeUhDWGpLbmwyQnpwWnlyMlJ3cWM?oc=5,2024-03-30
Tioga United,233101958,"16,000 square-foot building will soon be nonprofit hub in Tioga County - WBNG",WBNG,https://news.google.com/rss/articles/CBMioAFBVV95cUxPQzNfZHU4NFdoWmRNWFRsQkdheW5UR3FNdU9EdzhaVkF4R05ubHF1bUhNaktHU1NUUmhjM01XM1JTZUt3Y0taV0p5OEpFNFZmNGQzSGxfdWhtVS1zNmVjQWZmTzRyWEk4LWpDSFloOFYzXzAyQkt6SEk1UkNKeDUzbWNxOEVoM0JOVUMxSFRTeVlQMzFtNjFVcjMxZ0NrblRv0gG0AUFVX3lxTE1ONVU3c1l5YzQxN3pMbDZMeDNiZjBBQldzN0pGVmxMRE0tTm9BR0x0OVc2OGxDdWFnaURLUlVkVmNvY2hUS0RoZWtTRVhJLUg3bEU2R05lR2h0QVJWWEZUWmI1bU1kUUZjdmFVRXF4WENSc204cjhmVTQybHdZZ2MxcldNdEstdHVxTlFINjh0REpOQ1hHclEtcWhuSHF5MmlhdTQtUEJOaV8xTWRkbUlFWFlkbQ?oc=5,2024-03-05
Women's Community Revitalization Project,222840188,"Under new leadership, Women’s Community Revitalization Project is developing apartments on public land in Kensington - Inquirer.com",Inquirer.com,https://news.google.com/rss/articles/CBMivwFBVV95cUxNVHE3U1lPYUZVUVl3eWc5UVRkTDdJQWpEZmpGZ2xCUE9keXk1UjdfWDRRYjJpbndyblFLUjA3U0NGVzluUmZ2aXBGeTVIMGRrMEZHRUdhN19vdVo5VjlxaThPRE4tdFlJWGxQd05JZkNxVFBQd2FHbkJ0NGp3V2cwWVNKU09HOGNINS1uVHpPRkM1elBRblhOTlNXWEF5bDktX21Id2VHWldGQWdfT1hsVndCT3hZbXh4M0Q2cWNjWQ?oc=5,2026-02-13
Women's Community Revitalization Project,222840188,Affordable housing project to be built on vacant North Philly lots - PhillyVoice,PhillyVoice,https://news.google.com/rss/articles/CBMijgFBVV95cUxQeFFHeGw4NXBEd2ZnUTV0bU1Xc3FWSWdUMV9nNHRlbFgwM2xfRUtCcTdQX3RrS2ZRNFBIVUFPaDAzOFBKdXJqLWlDX3RtdXJLS1VPU1d4TTU1TkVCUzZ1Nm1OWWE3Smd4QmJoemc0S1Q0TXY0eXBvRFV1ZkpCOW96aEFLMVpKUEcxLWVMTFNB?oc=5,2025-12-01
Women's Community Revitalization Project,222840188,New affordable housing development to replace empty lot at 55th and Haverford - West Philly Local,West Philly Local,https://news.google.com/rss/articles/CBMivgFBVV95cUxQSmo1MHY2enFlOHdqeXFoV2hYaW9lblBmSmdYR1RzTFNBSWU2dWtOZXhfVDEybXUybi1YbXYta3NjMXpKMWxKdDNwb1NtU2NKN2hidnNYTTBXOV9MNk5aektBakVVbWQzU2hOZzBtcDhRaTBVd3lQcnI5UEN0WU95bkdnMGtzZHZ4UkZ1UllwUGk5ZlMxeEdzb2xra1dMTzF2cGJWS1hUVy1uT293WmhJc0hfdl9LZ0pNM3hjWjhB?oc=5,2025-09-23
Women's Community Revitalization Project,222840188,"After a controversial first decade, what challenges does the Philly Land Bank face now? Five advocates offer advice. - Inquirer.com",Inquirer.com,https://news.google.com/rss/articles/CBMinAFBVV95cUxQT3dLOXVMOVV4STVmRTdvQVNPQ2VUbFJuck5wYWpCai0zQU1STzhySzNFSnNNcFdieVc0a0JBWlRfNWlmVEFIRHE4TEVJSTN2ZE5OcUZ6S1VsVGtXcmZlQ0VSb2Z2RVd5SmVHM2MwaXIzdzBfMGlkbjR4NHlMVzVQRjV4R2JmQjZDbEJRTTNUeUtfWW5CTGthaEVjRFI?oc=5,2024-03-10
Women's Community Revitalization Project,222840188,Women’s Community Revitalization Project breaks ground on rental units in Point Breeze - phillytrib.com,phillytrib.com,https://news.google.com/rss/articles/CBMiiwJBVV95cUxPLUs3WXdWR3V4aUxFeUthOFhqRlZ0cmcwMkZQXzdqdzROV2s1UXR1RGlGX3RWa19PbFhWMDhOM25heWJ0Um03djMtY2w0TE9pM1Z2Z3lFcWtXVjF6NjZyb25JeXFUcXBhOU9peHhfaWpCZU93R3hzSjc3M0QySTc1QXYzZEkxWTk3ZW1KU3NGMy16YVpScHZ1ZklpVUVOVHpFVk9EUjZJZnFOUlVtZnVBUkNHMFFLU2N0NkhOUERIRnJHUzFzakFCWFpzTXFTakI0V1hzQUZZM01LT2ltU081czhYbjBfSmxNYVFhQ3E0Q3Q1dTdnODRCOGcyRHVsM0llMkRDdzBueUhqcFk?oc=5,2020-11-18
Women's Community Revitalization Project,222840188,33 affordable rental homes named for Point Breeze hero Mamie Nichols break ground - WHYY,WHYY,https://news.google.com/rss/articles/CBMirAFBVV95cUxNRE5ESE9FQzQ2aHFsMVd6MW9qUDNCVV91Z0JqMWJ0N1owMkF4bjAtcTE4UXNUWkRFdXVRamQyT3NHYTl4N0k2bW83cXZMT01jSXFYcnYyUUlGZTU3RjhIT2Z2LWVCbUQzc2htb2VCRC1HTFVwSGNUakc2SGxMaXlFTXlkeDhCVFhiWWFMSWUzQnRnTUFkbEVNUW9HY091VHcwbmo5bmNUcERYcm1Q?oc=5,2020-11-17
Wynnefield Overbrook Revitalization Corporation,830444104,Affordable senior housing opens in Overbrook amid growing demand - WHYY,WHYY,https://news.google.com/rss/articles/CBMib0FVX3lxTE5wMzlta2tNckNnellWSVlRNjZJRmZ2em1QQlgyTEQ3eHd5eHk0WjJYQzlOSjRzck9DU0ZPSTNBbWtub1hCeFlmN1Nqc21rakFWdmxqMk1uaVAzR1d5TmhVRkd2RmhMZVpFTEVacG5XZw?oc=5,2026-05-14
Wynnefield Overbrook Revitalization Corporation,830444104,Overbrook senior housing project opens with 55 units | News | phillytrib.com - phillytrib.com,phillytrib.com,https://news.google.com/rss/articles/CBMizwFBVV95cUxOWVJDWFJWTGEyZEpKZzk4TkFLeGVRWmxWTEExTzlLRzJTaTRRMjV6di1KZkEtX1c4SlVIZDZScGthcThJbjdRRjNYSnlxYS1vQm16cEVCUlJXQVVCNlg4bWNuNmNpT2Z1THZ1QllqTE1hdjNkU1ZrYVNQQnN5WVZyV1lTSVY1dnVjV1B3aTFYRXhSRFFxcEV5NUMzSzIyVjZEN21ESEcxN3RPQkF1by1QcGhnbXdmSkNEVV9JMTNTLTNTM0lyNlEtSUpHTHRYNnM?oc=5,2026-05-11
Wynnefield Overbrook Revitalization Corporation,830444104,Lost Buildings Of 2016 - Hidden City Philadelphia,Hidden City Philadelphia,https://news.google.com/rss/articles/CBMia0FVX3lxTFBsdGs1VjNaVlBwRGdFMlV2TnBnalM4SzQyWVBKUzJLQWQyQkxkblRobWR1eGd3NnBPMlhpazJjYS0yQnhXYTBZdVNOUlY2czBtNmVtaEp0LW9QR19jZzhxWG9sN3pab3QxXzJn?oc=5,2016-12-30
Wynnefield Overbrook Revitalization Corporation,830444104,Wynne Theater Plans On Hold - Hidden City Philadelphia,Hidden City Philadelphia,https://news.google.com/rss/articles/CBMickFVX3lxTE5sY0NIaDZfTEJDaXZLc1NxcklvaFZKa19CZ2pzNXc2Z0IxUjZoczRQZWxJUnJHZXpQeFlUVEFmRmdfRjhFVW9DQ0lBWEdtT0xOaU9wejY5MVZOdHZBUXM3U2I2Vmw5UVc3NlpmdDhHUG8wZw?oc=5,2011-09-16
Center City District,232701217,Center City District SIPS returns to Philly for its 22nd summer - FOX 29 Philadelphia,FOX 29 Philadelphia,https://news.google.com/rss/articles/CBMiXEFVX3lxTE9zM0t6czVvYl9QQkZjbnZKT0VrLV9SRW9qUWY3elN0U09UMGNwMm9sZEFycW1VOUZxR0hxb0NPcXJ1aEx5UkdaOUVGOGlYRlBtbjlNdXBSZDdxS01w0gFiQVVfeXFMTUpxSkV6aEplUEdneTUwSE9SRTB0STlDUVE5Ynd0bXRodlp0UHc3UGtFNWNOS1VycnZwS2N6Qkc4TEMyTVJRQjY4bUd4TmxrT1d3QTFHQ3BQdngxUjlydExoUGc?oc=5,2026-06-03
Center City District,232701217,Center City District Sips returns Wednesday in Philadelphia - Yahoo,Yahoo,https://news.google.com/rss/articles/CBMikwFBVV95cUxNM3dUMTE4cUh5Uzh3clYwMXpzNzloRUoydkNkb2w1TkxXeGx6RGgwb1p2TWk0RTg1Uk42VF9TYkJyUE5EVTBPaGw3RWtuRDZxVW5EZ0hlQmtMSXZ4MDRSNEVVUlY3UUtZTnAxWF8xbFNrcEtJc0h0dThWWnp0Zm1QZGpBR0dlaGY2SXRtS05uWDVmdXM?oc=5,2026-06-03
Center City District,232701217,Center City District launches SIPS & Open Streets to get people socializing this summer - 6abc Philadelphia,6abc Philadelphia,https://news.google.com/rss/articles/CBMirgFBVV95cUxOeGxHWDNZN3R0YmZjUFBFY3M1Tkp5REUtTEg0ZzdYejV6OWFKaEw3UEdUSXZiUlIwQjBnTEZxZUtWTzRpbV9LVkMwQjFZTV9DaW5RYWZiY05ybVlMX1hDNFNpVW1BWjJqRXRxOTlmNW9vclJZQnZEMTBzX3Q3Z25JcW1sQUdtUjg4VTZBWHpVS1ZkeTBLaUhFRm9Jd3M3RjRZTS15aExiTXhnclBPV3fSAbMBQVVfeXFMUDd2SVZHbE83MTNCRFg2MjZLNlhkV3RLZ3ZyYXJhUUpoQU1YV1Y3RXhUaWdSR3IxWWd1bDFSWnJHVkdnWFFkci1GVXJ3YWZRamFoVm1lZGc0dHBZRVo4OUw5R3JOMV9CQkVxLUQ3NTk2QzhlaEZieGEwWFZaN1NMTkJYZ0E3REJwYVZMcUxPUGRuaDMwX2FyM0NBMVFneUN3alZQZEZfNFdFNmFFZW8xSV92ejg?oc=5,2026-06-02
Center City District,232701217,Center City District Sips returns this week with discounted drinks at dozens of Philly bars and restaurants - PhillyVoice,PhillyVoice,https://news.google.com/rss/articles/CBMiiwFBVV95cUxOb3lBMnVWNlFLWGJQSWdOdHZ0ZjlYelIzRnFJZC0wZG5ON1FwaVBPeDlRMkZfZUdhbVBQZmxLMjJoakNoT2I0Tk94XzZ0bWlKYkE5RTlnT1JJckljUHpXXzZnb3FYRVA5Q0xzTEFhODlseGtyX2NZY2xsMVNNd3AzZ21FUE1XMUxrWUFr?oc=5,2026-06-02
Center City District,232701217,"Report: Center City Philadelphia is ‘on a roll’ despite concerns with taxes, transit and homelessness - City & State Pennsylvania",City & State Pennsylvania,https://news.google.com/rss/articles/CBMi1wFBVV95cUxOcHdvY3JQMmZfNGYtQ3F3bmpmblNpNlA4RlFmQm4xTVhuTjUzUnY3X2RmZ0kzTDNycTgwNFhvV1RyVlJxSjAzeEhySk5KbXJGejNvYUMteDAwN1lLNHNHZmNXbzlaY2FjZVpxbm9wdXpPd0t0TDlJZGpzaVFmUlJ5Si1KajVTVnYwVjVJeV90dFplS053aW1Fc1I4c0tyNDJYZVN4SFBsekNxX2o5bVR4QXFJcW0yWjUzaHNCdTh3Z1huSlZ5RDdhQzhhM1YxeXRCUVUzbkRUYw?oc=5,2026-04-29
Center City District,232701217,"Center City is Philly's fastest-growing area, but faces 3 key challenges: Report - NBC10 Philadelphia",NBC10 Philadelphia,https://news.google.com/rss/articles/CBMiyAFBVV95cUxPUFc2emlQQzZvTFZjYkIycUJRTWtrTHlUZFBES2RFVU5oRXRPLWd4Yjh6WF9xbUpncXR0eEtXakpUNmlQMHExbDJHU2pQa2M2OVVZMXhIcFlaa0xuLWJCOUhUbGhYS1lBYW9MQ09NQ2VGOUR5RjZPZ3Rwd09wWFRuVGlvSG90OWZHSmlodHZMZ19sTndYRnZ2aHNBWEpuMm9JSmJSQTc3Y2tfTGZ6cVBCNUM3UXpPZ2FlSlJUN3FmNEtVclV0YWpZatIB0AFBVV95cUxObmVUR2pjOGRNUUVrQmVaR1ZSTEsyOU56c2xXS3ZSMVFKelg1eVRNWTh3d1p1dVlsLWMtRmltckl0NFY4bHJfZl92LU9aYnpueWRESkxkaEVOdGNZRWV0Q1VkRThOd3g4S1JDNXJhT1BVLVkxWk0ycVFERjdCS0JBa2hoU1BsbmFDbVE1bzNvSjhmaEx6VURKcVltTk1jQzljV3ZuUlh0ZHRYRlA4ZDFHSzdxcF9oRUZrYXN1MS1DdUFmTy1CY0hYZDBIR1RSOXZt?oc=5,2026-04-29
Chestnut Hill Business Improvement District,841629688,"Donald Cresswell, Phila. Print Shop owner, dies at 84 - The Chestnut Hill Local",The Chestnut Hill Local,https://news.google.com/rss/articles/CBMinwFBVV95cUxPWl9oOUJsVFdMck9BMUFxUmpuTHBFVzVpRmFtcXRxdTFDcTFacHJTRmpyNW1TTWhFN2R3a0UydldMNmM4NG4xU3pZOVJTQ0RlYUdGMUpSUlZWX0ppQnFoR0NTRnAxbjNDX0tXSWNZQXpMSXNGRHNPRHpTdVNrQVhfNXF6M0tsSDJ5ZERRR1BfYURpUG1seEIwS010RFNiMW8?oc=5,2025-07-03
Chestnut Hill Business Improvement District,841629688,Crosswalk danger draws city response - The Chestnut Hill Local,The Chestnut Hill Local,https://news.google.com/rss/articles/CBMijAFBVV95cUxPT3dvWjBOeU16YWdaX0Fsa0x4RElKQi1IbUY5aUtNd2ZVaUd5dktZWWdJSkdNMm1DRkR3VnNmbHQwSHFCemMzQ2ZEd04zMFpjdXkxU2ZxMS1BdzF0cXBWbzJsU1VzYWFmM0V2VFhFQTBlUjZrX3NYSkNqeEREbG5jWk5XSnktTG5VNFV5Tw?oc=5,2025-01-08
Chestnut Hill Business Improvement District,841629688,Another zoning delay and more questions for Greylock - The Chestnut Hill Local,The Chestnut Hill Local,https://news.google.com/rss/articles/CBMiogFBVV95cUxQLWd2N0lBQlRMZ3VxQmd0WVRac1pGMjZodDRhTXo1T2lTa1JDQm5uMHdPeno2ZEdCSWpYYlJEY2FYNGs3MVZFMmNwT2hjb1QwVDNGMGFpQWNDRGNtZzBsZVU3OXFJeHpRMDVubVVqN19rdGFfOG9MRDNjQ3FCTHpDemFuc0VXb1o0QU82eTN5TnJGWUd0QlFJSmYwTVF3RmJtVWc?oc=5,2024-09-04
Chestnut Hill Business Improvement District,841629688,"New life in store for Top of the Hill, Mimi’s - The Chestnut Hill Local",The Chestnut Hill Local,https://news.google.com/rss/articles/CBMilgFBVV95cUxPaEw0MURrUmVrSXlUbHV5eFM2d0N3TVdKOVhXQlhTaHEyYmVJQkwwX3dKRHhLMkFIblZ0RDNwcFU3cTh0aUhXbUkwSGJpdDM3MHFVenVMSXl2enZVSnB4YktHRW9EajAyZDlmZlQxM0pLSk1sN0FObjhzRzJkd3pKeC1odzI4SndlMGZ5bVJOMktoY2xOVEE?oc=5,2023-12-06
Chestnut Hill Business Improvement District,841629688,"Hill business district seeks growth, reauthorization - The Chestnut Hill Local",The Chestnut Hill Local,https://news.google.com/rss/articles/CBMioAFBVV95cUxOeVJVNUFWTVlpTDZPbW5ZTWtSdFIwSTlqYWN5RzNEWENZZkwtODlqWm9uVzZ3M3IyZzhRRjFJLUpUQWpXMFBCZGJ0dlhDVFdoMXoybzN4RDFUOVhnVWJHcmR1QkN2d3VWTkFBQ0lneHI2aXpxWWZmUDNsMzFLNEFGTGNqbzBtcnpscUdVUUIyRUo5QVd3SmRIU2lwd0xGUDcy?oc=5,2023-10-26
Chestnut Hill Business Improvement District,841629688,Getting to know PGW’s Seth Shapiro - Northeast Times,Northeast Times,https://news.google.com/rss/articles/CBMifEFVX3lxTFBGSk5YN1IyU1pHLTZIZDVxRHU2dVA4dmxxSUFPQ3A1VkR0OWtEdm41a0NGN204T3lFZC1wdE4yWVRzZlY1UkliVHJmd1JsYkdBamppSEUxRHpfY0RKTjBwSWNpd1VxVFZrT2xmbmhsRTFpVzdoVWt2Tk5ua1o?oc=5,2022-12-04
East Passyunk Business Improvement District,134237027,East Passyunk storeowners kick off holiday shopping season with Small Business Saturday - WHYY,WHYY,https://news.google.com/rss/articles/CBMigwFBVV95cUxOMFItVVlqOVlrYWh2a2VZMWNjOXFsREhGb3R5UmpPcEZOVjJmQTdrRFctaG1DRG1kdXVIV0djTjFCUDZKNjc1b3QwMS1FTFBCdVowX1N3aF9WYzR3aVl3NXJiUGUwbVNuWk5BU3Zaa0tDYnRHbmNsSlpkMGRLczFFLXNjcw?oc=5,2025-12-01
East Passyunk Business Improvement District,134237027,Queen Village is joining the Open Streets movement - Inquirer.com,Inquirer.com,https://news.google.com/rss/articles/CBMioAFBVV95cUxPQTc0RVRYaWVFMkdJTy10MUZnVUtvS2xRbFNpNW1WSWtJWU5ZeTJnd0pNbUdYTW1Yc1VLa1BpdTVoVy1qVmZNXzdKN1VGWkV1c0JJaDVTeWJ4SUNuUmg3X3Ntb2tOcVFpNzNaZTJxdUJtZkJFTkVNV3Rwd2lwZ0JRdzZ6WWRSMklibEd1OGJVbVVtWElMR1FEUkpwQm44TnY2?oc=5,2025-10-07
East Passyunk Business Improvement District,134237027,Headhouse Square’s New French Restaurant Has an Opening Date - Philadelphia Magazine,Philadelphia Magazine,https://news.google.com/rss/articles/CBMifkFVX3lxTE1oSmR4Unpoa2YxVU5ZUGZOQVh0YnNOc2JNY0hFMUNDNmE1YnNGYTlrbFhmZFdrRHRuWGJYU3pVeUdOQ1AwcWFtLTU4aEtZZzRxR3cwVUgyQ0x0bGdlTmFrSWg5NWc0cmVqUVhSV2IwOV9uUm1FM3BYS3ZMbTFRZw?oc=5,2024-07-09
East Passyunk Business Improvement District,134237027,Foodies rejoice for restaurant week in West Chester and East Passyunk - 6abc Philadelphia,6abc Philadelphia,https://news.google.com/rss/articles/CBMilAFBVV95cUxNWnMtWHp4Ym4zSUpIT1JPdmRsRzdRZGlLaTluNF9HQ0JXYmJkdVRlcGw3LUZEbzJZUDdveDhtZzBwbUZEbWJsdEdlTEkxQVhRUGk5SDRzVXhWUXRqNEx6SVBhUTNCWGtfVjFvNnMxWjB0MFRYY2xLOEZOMHlJLUZtdkFUUFRwa3d1N29GVElnbmwyVEg50gGaAUFVX3lxTFBRaU5iLTVpQ0wxLW9RcVAzdXhGcFFDaXlockUxQ1E0d2h1alliS0t0YWNZWEVDZjZoWDI5WXRBZHF4RTI2UGw5ZzY1emtmOHYxellJR01vMHFSTkJDOVZvNW1nNXdLOVFOQWxkN3BaNTRDX2N0Z2d3dzZ3Nk5vUUZDSDhkMWlGWXdtR21pVUxEaF9fOTkxQVh6ZGc?oc=5,2024-02-28
East Passyunk Business Improvement District,134237027,Car show and street festival returns to South Philadelphia - 6abc Philadelphia,6abc Philadelphia,https://news.google.com/rss/articles/CBMilgFBVV95cUxPOU8xazAtM20tdkp6T2Jta0pXa21qRzBRVE1uRVdDUlFmUG4xR2x3a3VtSVMxRlhNNUJ6ZGF4OWtOUDQzQnpiOUxhTEFYQndJbmlLeVFEZm5kR01aMGtxaDdleU5DRDNpX3RUd0xKRDlfaV9aN3B4NjFGOV9SU09LRy1lbUF4R0MtVEtRaU1PRVd2MEczQ3fSAZsBQVVfeXFMTlFIYnp4cmNTRVRZb3JSdmM1Y3dDMV9MckdpU2FQcjFSLXRrWVVUVFZPRjJvT0ZVdjVYck81UzJwYkVRV2pNQ2FFODVlSzdYcDFEVXphbHlEa3FQQ2NQNHdHV2tpdXE3UTAwbUFBa05VMGlJRlFLNTlFLVRPVkczaTh4cVl0T2o3QXNSaFpXZ2hOWFpOTG1NaDhPWG8?oc=5,2022-07-31
East Passyunk Business Improvement District,134237027,"East Passyunk Car Show returns to celebrate 15th year with live music, street vendors - PhillyVoice",PhillyVoice,https://news.google.com/rss/articles/CBMiogFBVV95cUxNdFNaUWd6WkZfQi1PdS1mRUNBaW9QTDl0LXA2X2hBYXhtOUtPMUtrQW93OFo2Mno3bmpvanNDN2hNa1E3VHZrNUpZakVhT19NcXhEaUtkZVdhT2ZoTzlmTjJwd3pDSzJtc1dOaHFhYjJ6X0phOHlkcm1EeHRNREFfdHVRYXlIcFlRQktOUGdxVDN5MFEyeUVsQ2ZVQmNYeEFWcGc?oc=5,2022-07-06
Fishtown Kensington Area Business Improvement District,844037072,"Stouts, snouts and plenty of green for St. Patrick’s Day - Delco Times",Delco Times,https://news.google.com/rss/articles/CBMilwFBVV95cUxNSFdSSmZBXzdrZ0FRbm02MVNlZjRxNTJoNVRhdWduYVVTUXg3LVdpRVJfTFNtRDZTSXJaNUZ1RU5VWm03TlI2NGVTWTk2ZHo5Y1BMUW50YzdvOC1YdGRFTXIyTXZvdlNERlYxRHBWUkxlOFRERU1Ic3p5NDk5RzlESS02MklMazd6cnZtUzRQVmVDb2MwMWFB?oc=5,2026-03-10
Fishtown Kensington Area Business Improvement District,844037072,"Kensington’s kitschy, creative flair and pride were on full display at the 17th kinetic sculpture derby - Inquirer.com",Inquirer.com,https://news.google.com/rss/articles/CBMirgFBVV95cUxOZUVJQjlIMFdSZk1WU2JIdk15ZE1zUjhOMzdRTzM0eWk1anlfcDE1dUt6Um9xY0lIRU5BX3ZsQU9veEphd20wengyeDE2R00tOXo0ZjZndGRxamZXaGpKa1B1T3VOUXlVZGF4NzV4V2U4b1JXb2JRdDZ3YVZaa1M3bHhkc3pDZnRtVEpZT2JuUzRwSEtobkdoLVZSQ004RG1GRVRNWWE5NUdyUDFYTnc?oc=5,2025-10-26
Fishtown Kensington Area Business Improvement District,844037072,Stouts and Snouts: Fishtown's newest event pairs brews and pork-inspired bites - NBC10 Philadelphia,NBC10 Philadelphia,https://news.google.com/rss/articles/CBMipAFBVV95cUxPRGRTRXRWQVgxYmdEQ2NsYVZUTDZTdGJnOHhzR3lYR01kMGxwTlJTZHBVMmdxeTVzWDUzakplc3dVSmg3WWwwN3pSLTB1M2hwcTNFbldtQzFsdkd3OWdrWm1VRVE3OEsxektDdEl2dzdzTGJnUE9yZDFiVVhmbzdKSUJwR3FDWF9pZ1BMZE9TWGVuZEI0RURISDBzeVVMYmo3OHV0edIBrAFBVV95cUxNNWxybVd2SHU5ZDlzUUp4VkRLRzVVRXJ1VE14M1EtZnJpeHZvc2NuOEdtc2V0QXlTSVJJcUItU0hSdHZMY0RaXzBxb2h6eE9YTGxTRlRsaXBIYjNyZ1FWRWsxdFpTQmpDaG9TcGx4dzl1TWZCWEJSRXhaTkVBVlY2Q182eWpocE5PWHFVbm5aWENfMXBBT0lFcFgycms0YjFWTFpxclhfRTlmNWRF?oc=5,2025-03-11
Fishtown Kensington Area Business Improvement District,844037072,"Controversial fight over Fishtown home heads to court, as both sides claim they are in the right - FOX 29 Philadelphia",FOX 29 Philadelphia,https://news.google.com/rss/articles/CBMivwFBVV95cUxPaDBEcTBpZ1RGOXkxMVdVanpBT2hvUllPMUFKQ3ljSW9HRHhYYUVSd2I4bWE3cFBVQzVhSDZNLTY2ek5ycVRRcE5IUmJMV0djUVZmWG11VTVTdmswS2t4cW55V3ZQYVlmRnRmNEZjbEYxdG5CVnJRMnIzZ1FOaHQ1ZFVjbUIySlprVGhUMF95ZVk0TVRuOVd5TU9aVG50VTVBM0pQQkNFZVZ3UWROY0xEWm81RGhnbFNGYjBzX2prc9IBxAFBVV95cUxQMmpMMGlNS1FyM0w2VGlLS19aRENDR0F5YnhacmQ2cUI3bHE2aVMxMWRTRGcwTzh3bzc0dzdtcWJpYTBSYnVfeXdXQ1QtR25yTGlvbUx6OVVQVmk2aENBZHNiS0FGdVJkVUxoMUpha2UwWEtVbC1hV2N6SklGTTl4dG5wY2pLRms2azU5NVJ5OFBlbmxPUTRKTlhZbFdCcUUtSEVJV2kwdzlJUFdOOUlZWEJaeklaNF9KdmM3dmpkQVNMU0d4?oc=5,2024-01-12
Fishtown Kensington Area Business Improvement District,844037072,Why a Fishtown nonprofit is trying to seize a family’s home - Inquirer.com,Inquirer.com,https://news.google.com/rss/articles/CBMiqAFBVV95cUxOeWxtMWxuaUNUSC0wLUNJUHg2M3FMcVpNT25IZUpVQTZEOUVqWWdMTVlmTWRkcHdqWnpkTXpHdkxKbGVEdjk0Y1VEamFBTWNYYjd1MURwbUlfc3VQamFzeWZhcHRBNDBxYWhITU84WWhJb0lfa3lfZGVoaDlmNk5jTURTdjBhMjJsYlpaT2w0ZGRRYjFmR0IySHVXSHFQSFNUNGdWNnRxcjg?oc=5,2023-12-27
Fishtown Kensington Area Business Improvement District,844037072,Fishtown hired private security. Too bad other neighborhoods can’t do the same. - Inquirer.com,Inquirer.com,https://news.google.com/rss/articles/CBMihgFBVV95cUxPX0VIblZjLVNQYUE4cTBMcmdjM0dxeFNGNkt2cXRXV05ySXFmZDFiUm1DQlJRMjJJUC1ZbWJ2Ykt3eWVqZ1BFRmtNNUhPSGJyOGx6SkZmbTBtMGhyY2NvVmNnRW1JSGp1eFpwVXhRTGN3NkZpRUFqTHBZOG52eks1RjZYS1pOUQ?oc=5,2022-09-30
Mayfair Business Improvement District,811075227,Bells Across PA: Where to Find Philly's 27 Custom Liberty Bell Replicas This Spring - Visit Philadelphia,Visit Philadelphia,https://news.google.com/rss/articles/CBMidEFVX3lxTE1sZC0yYi1fT1dodHpWbnJDVTBEMlFqamRsMkxiUTNjXzhJZGk5RGJPaWZIQ2cwSFJTOFdLLWFzY1dsOHlDVzJjX09XSGhlcWdwazR0RmsxU0ppNVpfVUd6WEw4Z1JWOGZzMnBiQUlSN2QyUUMt?oc=5,2026-05-08
Mayfair Business Improvement District,811075227,ArchWell opens in the Northeast - Northeast Times,Northeast Times,https://news.google.com/rss/articles/CBMiekFVX3lxTFBpcXR6UkRsMVhLa1pPY3NuNzYtcHFJVlJ6Z2tQY0xKOVExRTFNQlNBbVpqUmtSYWFjbE02RHVFZWwwU3FleGRFQlRScjNmbUJpRXdTelBFTk01b21ISDdGdk1wNTN1ajFqaEUxUmM0YlNDZ3lHQjQwcnV3?oc=5,2026-04-18
Mayfair Business Improvement District,811075227,Bells across the Northeast - Northeast Times,Northeast Times,https://news.google.com/rss/articles/CBMic0FVX3lxTFBTeXh3WndSX1JpN1haNEdCb0FvN1FPTlg5LTNiWERuTVhHM2h1Sjh6eDZ5dXhoeXBQd0pXQUp3NnhJRkJfN1pwbUMzakdLbVJ6a3lpeDVjOFZPRWhiYjlJdF9JTXJGM2xuaGZmUU83Mlhmd28?oc=5,2026-01-23
Mayfair Business Improvement District,811075227,Nice new addition to Frankford and Cottman - Northeast Times,Northeast Times,https://news.google.com/rss/articles/CBMiiAFBVV95cUxOclJ2M0s4NWdHVllNTTlrQ1dyWjFkVmZWQjhHc3dFbHloYjM3MWhwVFl3N0FJQjVhc01UcXk4NnJKQmxuYzhmNVM0VU1qT3NwcFZnaWhzR0FqS3FPQS1zN19iV01PdjFSVkY5QzNQNFBKMUFXTDlicTJYMGxOLUxXQnB2RmtXYTVy?oc=5,2025-09-06
Mayfair Business Improvement District,811075227,Zoning Board OKs Lincoln High trailers - Northeast Times,Northeast Times,https://news.google.com/rss/articles/CBMigwFBVV95cUxObVlWbU9GSHY1am90czlJNFlfUjRnX2lDZm5SYTdhcXVWc3BOMUR6eXp4MFc1ZmRwRjRUOHVLeGdIM052dXhCRlBiSE5XQ0lzRm01ZXpiSGpBcWtDS2M0TWVuYkxGaFVjVmF2WjZXOXRxM2E2b212RzZRN2hHd0RxNEpDcw?oc=5,2025-08-31
Mayfair Business Improvement District,811075227,Mayfair Third Thursdays continue - Northeast Times,Northeast Times,https://news.google.com/rss/articles/CBMie0FVX3lxTE1tMUd4cndUUlVKVFE1THBjWUNIZEVWRXhGSjBJNVJaTzdPc1dnMFU1bnl0RDhNLXp4WWhwQVRubEpfcDVXV0xTZlRSbTZManA5NDFTUUFla1l1LUg3N3ZEdDRTX3lnZXdTTGZ6QmhpZ3FPV0JJSjg1VXdKZw?oc=5,2025-07-19
Mt. Airy Business Improvement District,811780362,Bells Across PA: Where to Find Philly's 27 Custom Liberty Bell Replicas This Spring - Visit Philadelphia,Visit Philadelphia,https://news.google.com/rss/articles/CBMidEFVX3lxTE1sZC0yYi1fT1dodHpWbnJDVTBEMlFqamRsMkxiUTNjXzhJZGk5RGJPaWZIQ2cwSFJTOFdLLWFzY1dsOHlDVzJjX09XSGhlcWdwazR0RmsxU0ppNVpfVUd6WEw4Z1JWOGZzMnBiQUlSN2QyUUMt?oc=5,2026-05-08
Mt. Airy Business Improvement District,811780362,NW Philly’s questions answered - The Chestnut Hill Local,The Chestnut Hill Local,https://news.google.com/rss/articles/CBMigwFBVV95cUxOc3hjYmladmtiNGlZVl9hcUhDYmRCMnoxS2pVanRwcUsyWFZXT2NMdGloaFhGcjhscXRZd3NFSl9uTWNTTFBMeHRjTmJTVUxqdW40RTlkeVdtVWR5a1BEVFE4eWdaX1JjcEIzNWRXYVAzcFd2LUVzWmsxSkI5dnFHS0xyRQ?oc=5,2026-05-06
Mt. Airy Business Improvement District,811780362,Development and zoning were hot issues – and a murder sparked debate - The Chestnut Hill Local,The Chestnut Hill Local,https://news.google.com/rss/articles/CBMitAFBVV95cUxPSFdEU1BiTGl4T2w1VW5lZDhmRzZjZnpROWdkSGp2N29yRDlWNUR4NkNLNXoxUVNNWHRiQ190ODFkY2pzWFctZE41U2lPckYzMGV6ZjdYbW5MRld3dHpvNW95eDVFNXludE8wZzBlbVBTdE0wRDNfLUNzR19jNG9LeFptNVAwVVJhUkpZUW53dWxSUmJ4MWh4VGs2WnZmbk5OQzM4UFJreG5fTTVRcGREdnZ2MWY?oc=5,2025-12-23
Mt. Airy Business Improvement District,811780362,81-unit apartment building coming to Mt. Airy - The Chestnut Hill Local,The Chestnut Hill Local,https://news.google.com/rss/articles/CBMilwFBVV95cUxQWEJhTVJXOU1uZE02VEd0eC1TSTBfQ2pMSjgwTkp0dWRiZGYtX2dWRk9MRTd6SnhFRVhaM00waGtZUVVpU2FxdUlKVjdFWDZSQ0tXcG0ycS1UU0ltak81bEY1Rkhlbk1kVW9KUmZCZnc2Ulk2WGxHR1BrSEd4VlFzQ2FHdl9DVzFVV1ZQVi1ITEUtVUlNY2gw?oc=5,2025-10-15
Mt. Airy Business Improvement District,811780362,"Business owner fatally shot, police search for husband - The Chestnut Hill Local",The Chestnut Hill Local,https://news.google.com/rss/articles/CBMiowFBVV95cUxPMThlMEFLclFld1YzVVRRbmVFVEs3U2JBanBnLW1UcUUwc3l1dGpiVk5Lc1gwRzFPWFFvQm9paURuMXlxdWpvejctaUt0T3BVdFZ3UXZOcUF4V2xBd3hSQ01Qck11MGVZMVEwZEIxY0ZIcUkyMThKUWlIOUdQNC1MS1JtZkZGaGFqMmoxWHNxMGQyd3JMTzNtcmhTY0FlT1ROQUZr?oc=5,2025-08-18
Mt. Airy Business Improvement District,811780362,Three new murals capture Mt. Airy spirit - The Chestnut Hill Local,The Chestnut Hill Local,https://news.google.com/rss/articles/CBMikAFBVV95cUxQLXg2MFZoSWwwa2RvNXVCczQ4M2FmVlc2aHgyXy1tYjBuMFdiU2pXRzZhbWZpbHFoRFJaNldGWmdXZXhJMzVXSlJJRVZwZjBNOXI1SzBOb0xLZzQ0c2J3XzNzSVp4bGxEM1FiQ1F3ajNfN2I0X2RnSFk0Q2NEaFZJcGxwZlhwOWZoSjQyWWZUeGs?oc=5,2025-07-10
North Broad Business Improvement District,462240607,Temple President John Fry appointed to board of directors of North Broad Renaissance - Temple Now,Temple Now,https://news.google.com/rss/articles/CBMitAFBVV95cUxQLW5jWG5TUUMxUzFvRHR5M3E0Q3Y2UXVfcG1NUTgtWUVsUUVrandCLVJPTUxWa3lvMWoteVFpNktrNTFaeFNNaTZocTlOMGQ1cXFXeTFfOEhSd2p1SEhaZG5xWmI0NXlYVi1FdkRVUHVLNU9Edm9Kcng3blNwcUJaQ01aMlZ2WWV0WEVHMk9pa1NCT2otcXIwU2d1Mm5ReTl1R2tqRG5VZ2xmNEtEMDVEdG5hMlI?oc=5,2025-03-19
North Broad Business Improvement District,462240607,The CSPA 2025 Black Trailblazers - City & State Pennsylvania,City & State Pennsylvania,https://news.google.com/rss/articles/CBMikAFBVV95cUxQdGJndEhDQjRVMEFTY1JEU1hlNm5PMTFicGNEWHhNNndXN1ctdGp5azB5djRxS3pwU0Z6dEU5eng3RXk2NDRHbGV1cGtXRGN4RmRqVkNKdWxzN2dQbUZGMEwzRWF1WXBDVXdhYmtqSE0tSUp2bHVBN3hiaS1vOHZ5ZVBmQkxZYlltSXdOa2ZoOHo?oc=5,2025-02-24
North Broad Business Improvement District,462240607,Temple Is Lucky to Have John Fry — and So Is Philadelphia - Philadelphia Magazine,Philadelphia Magazine,https://news.google.com/rss/articles/CBMieEFVX3lxTE9iQ1hfTThiT2lJUzhha3VUbDZ6VzBEQW42eU03NmNGZFVXS2JyeEhhTkctckJpMWN6UTMtVXRYZHdyZzJITUdpcVpDVDZMckQta0JQbW9RYmpQWlJ5MTJhOUdxOUVWejhNU0puT05WMHZqQWxDNURuRw?oc=5,2024-09-12
North Broad Business Improvement District,462240607,North Broad’s economic renaissance strategy now has a budget - WHYY,WHYY,https://news.google.com/rss/articles/CBMikAFBVV95cUxPUU9QUFVEeHJGR0dLRnQzZktvVzI2TlpVbVZGUjlIeWkxc25lMkNsYW8zMGR2U2dMbWV2alJjXzkyRExCRXBKRGl3VXJ6V2pjY28tcTNRTk9EN2tudGt0ZHFzS04zWkx4bEhNcWVmT2xfd3RQcnAxeWQ1MXZoYjd0ZmlVelUtREdkeWl0cFlHYi0?oc=5,2024-05-09
North Broad Business Improvement District,462240607,A business improvement district for North Broad Street has finally been approved. Here’s what you need to know - Inquirer.com,Inquirer.com,https://news.google.com/rss/articles/CBMiuAFBVV95cUxOa255VjlwOWNtZjJ2OGlvNHJFRk9NeWhEWUU1MVozX1ZGVEN1SFQ3TktvY3BMc05sT0JubVByNGFDWksxc2lXY0NDMGhIcE5mdWhwenpfNE0ydVRMYm9RZFdxSnNEUThqODBnME5WZFFjNXlWZ3RId1FWQkRKQm1KQUMyR0tTYUNJT29uYUZ5ay1HcmR6dXpDY2Vud1pmUnVPOXNaT1ozd0c1WXFaTDVoQ0x1UXE4OGth?oc=5,2022-12-22
North Broad Business Improvement District,462240607,"Game-changer for North Broad? After years in the works, an official business district looks close to reality - Billy Penn at WHYY",Billy Penn at WHYY,https://news.google.com/rss/articles/CBMiogFBVV95cUxNdVYxd0tUS1JIbFpQNktPdXVKUkZ1eTU5RS1Lbnp1dVplSGViTEZvVk9ydzRONnduYmhZa1BNVXdKUWRIdHV3a2Z4OHhmWllBaWNGY2NJRmdOTnlDRVpLbElKUHZvSHFNOVNYZmFvUGJuelRhYktmclhXSFl6cWVjNEItUUxRblhCYmtaM0hKZF9yMmhtMWJKU0lCcEZSalBCMFE?oc=5,2022-09-28
Northern Liberties Business Improvement District,823141998,"March brings fun ways to get out in Manayunk, Northern Liberties - Delco Times",Delco Times,https://news.google.com/rss/articles/CBMipAFBVV95cUxQRVJBemhKQXp2UGFQd3VTQTFFd2d2UUk5U0tyeHZ2NmZVajdaQUNzS1pPcEpnOUt2cC1QdW54YWlnWE84RU1aZ1dTZ2dYZ2ZRZFZlWXR4eTdoLXRNaW5xbWY4ZlFTUV9fbi1Ic25Fdlc0bUdRVTJUMG5LMUx3dDk3d3k1bDh5SFBVRXNyRUpPMWRycVdWVUpueUY4X1IwcFBfS19QdQ?oc=5,2026-02-24
Northern Liberties Business Improvement District,823141998,Eat Your Way Through Northern Liberties: Restaurant Week Returns for Two Big Weeks - 95.7 BEN FM,95.7 BEN FM,https://news.google.com/rss/articles/CBMifEFVX3lxTE1oNmtpTUlNdVRLN29PM2dENmhIckFoSVk3MmE0QUpFQUJ2NEx1LW5aRmdGa2ZPVWhuQWNHSVZtZ0c3MHFpcy1fVU1DSUZzZnVrV01JUDNHdDc4SUJmalBMVS1wdzBzVzVreGFYNTAyajRlZ0Njdl9KaUZqSnU?oc=5,2026-01-26
Northern Liberties Business Improvement District,823141998,"A massive, first-ever Dry January bar crawl launches in Philly this weekend - Inquirer.com",Inquirer.com,https://news.google.com/rss/articles/CBMinwFBVV95cUxQRG9FME5jcFF3X1VpMUY5YVVmQkF5S1NnUVU2Z1VGLWxydDktR3cwT1hSY0NQbmtmUkNfYmdyQXc4ZDNqTnB6Ujd3QVE3d21ya2xUTjBZMEVjdE5GZ2ROTXJPNmN2VFhZX3VsU1BYdjU0V1c2bm1RMmpLVlVRNms3WWJ3TjVocFFKendpQngxZFh6WDdOMkF5Q1FfTkk2bWs?oc=5,2026-01-13
Northern Liberties Business Improvement District,823141998,A Dry January Bar Crawl might be best way to keep alcohol away - Delco Times,Delco Times,https://news.google.com/rss/articles/CBMiowFBVV95cUxQUFZYMU5nbS1yZnFrUWlqTmFOQmtNZDNiODJRaWhMWERRMUczV0dQNWpxOVlnMTFKOXVrYkFkSXpoeXVYaFVZd3dUOGpnYUcwMnpxeXhEc3ZIV2RTdnU3RFNYQm90ZXk2clB3dWFKX205YU9HZnhldmI3WW5yYjlOMFVYWjA3QzZ2UHdhdzF6azdydThKTmhCclNyWlR6dVFobS1R?oc=5,2026-01-13
Northern Liberties Business Improvement District,823141998,New Northern Liberties mural is for the dogs - Axios,Axios,https://news.google.com/rss/articles/CBMingFBVV95cUxNdFI5elRQLWVYd0l0bElqcTlnTU1SM19UdkVtMDRybHpVcGRMZlFUekF6dXFMdFB6eVktZDBpaE9pYmJtU1p0d3JOMU9JT3ptNDlnX094a3o5SlZEQzl3Y2JVMkxvb3JnbmdqRmhRZ3dIVC0zTy11Z0hPcW9PbklBQ25xdHMwVHNxaHNRRFBTbTlJdE5xazVkNW5BaXVZdw?oc=5,2025-08-15
Northern Liberties Business Improvement District,823141998,"A Guide to Northern Liberties: Shops, Eats and Indie Energy - Visit Philadelphia",Visit Philadelphia,https://news.google.com/rss/articles/CBMihwFBVV95cUxPMExUSWRMWlR1Q21lbHFWYUpVWXB2U1hPdFRkamw3R1VIdlYyYjZ3YVN6YkNuc3g2YTlWRjUxZURGcVdQZi1BTHA1bXIwYnE3V2cxMThKeWphOWRwZmpyaHdmMmI4OENaQzhaVzMzZG5yVlVyNG91d2dLMjFCQkRQZjE0N0RTcE0?oc=5,2025-06-20
Port Richmond Industrial Development Enterprise,233059821,A District in Dissent - The Temple News,The Temple News,https://news.google.com/rss/articles/CBMiWkFVX3lxTE9aNk01bEN4dzFVUnM4dUFGTC1sMFdHT092eW0yNDloc2NfcXFhc0otelBQMDVpRjZBUVRrWllSVi03LWUtLVNIYTB2YUlCWWhIMGtTVWJ1YUhpUQ?oc=5,2012-03-12
Roxborough Development Corporation,232705347,Roxborough Development Corporation announces winners of inaugural 19128 'Corridor Awards' at Spring Fest - timesherald.com,timesherald.com,https://news.google.com/rss/articles/CBMi2gFBVV95cUxPcWtiTG5NWUFRT19GbzJmclpxSjFxdS1WcnNuNjBybHV2OXQtNEYxNUptMWR6c3FKaC11dWZnb0RWaXJsQ1VJMzRXSEs3Vjd3V3FGbzhycmdjTlpCaGFLZFN5NTBCZFU3NWVUNzIyOEkyWDJuemU1aFlsQ0k3QXVhSDNpcno2eTVqRk1BS0sxZEM0SV9BSWNkMDdDRW9FSFBISEhLSlpKcUlrNDZ3YVlEYW8zTFF3eWhVclM4ckhaclBiSjVHUDlKSWZVYUk5MjJvMkxsRVRtV0lwZw?oc=5,2026-06-20
Roxborough Development Corporation,232705347,Philly weekly events calendar: June 1 to 7 - Billy Penn at WHYY,Billy Penn at WHYY,https://news.google.com/rss/articles/CBMigAFBVV95cUxNNmJodVNNUkdSZDk2OGQ5d09vaXM5ZGhQRVVpTnFwNXJqQU9iQjExYi1ndmJWUW9JQkQ5ZzVQaEg2aTZ4Y1JyWXRhUnoyMFdfb1NyVm93TTFUMmtiR29hOGdwcHRpVDVIdXVxaS1nSUlWX293VURiTjM1WGJrOTNBSA?oc=5,2026-05-31
Roxborough Development Corporation,232705347,Roxborough Spring Festival expands as part of America 250 celebrations - 6abc Philadelphia,6abc Philadelphia,https://news.google.com/rss/articles/CBMinAFBVV95cUxPNUEyRTZxT2FtYWVSTnEtc3JZcTN6SWtWczdCN0hGMG9adHAtcjJ2RG12ME1UMjl0N0ZfbkpHSTZSTnlnM0hPQlRJTUFFZnp3T29yemtVMFFsXy1Ed09RWnljQUZkSy1TcU55Ry1KclhxMlQxNVYtM3oydG1USFQ3RFhJRFMyc05WMi1HUF9ocW9ON0d1bDNBb1dFWjbSAaIBQVVfeXFMTVRvOUhGdldIUHZVS1VZcEVORUtxVlpmYjAwRzIxWlhoaGZEc0JpUWl0UmN6OU50ZGpuTU5wNDdCYVdhRkppM3hndjJXdFIyRklZM3BBYUJTdXlPZUJkZ3FJZmhBSkpBY1pXbUdSU05Cbjc3QVJqaFRjRmVoX2ZUMUJCYnpwcUpkS3NESk1LZTNwNlRxTFp1OWQ1Y2JnNmhlSFhR?oc=5,2026-05-09
Roxborough Development Corporation,232705347,Ring It On! One Philly: A United Celebration | Office of Special Events - City of Philadelphia (.gov),City of Philadelphia (.gov),https://news.google.com/rss/articles/CBMiggFBVV95cUxPV1VrajRfSG1tSkZMRDZVazRGZWUxSW5RR3ppakIxZ0RFU0k4SzdEQTJMbmJYamxTeDdocGM1Z0hXYmU3NkVESUY1ckhndER5YVVKSERmV2FCdmt5MWxDa1JZNTA2OEMxc1ZvRlFxU1ZDSmFndUxmYVFmS2IwLUNzVHRB?oc=5,2026-04-29
Roxborough Development Corporation,232705347,Fire damages restaurant and brewery in Philly's Roxborough neighborhood - NBC10 Philadelphia,NBC10 Philadelphia,https://news.google.com/rss/articles/CBMivwFBVV95cUxObmhWM01RSGEteHFyLUFZTGRzSkkweTNLOVpEeWRlR2c3XzMtUUJ3eTFvbGlVN2xETGwwVU80QlVNOWdya3ZEUUdneUFyZ21IZ2w1anJtQlJ2bUIwLWpINUh2WGRQcU1wUHlCaG5wTHU0dWxrNk5tZ2FuOS0zdG12czFFZU8yYnBERDE4Zk9UaV9DaTBZektFUkVDUjNUS1BjajE2UmcyZGU1QlNxZ2pCY0xwVjAxeXFGZDhEdmlOVdIBxwFBVV95cUxPX2RjU2RRWmdUQWpXZDZENlhyRG5Kbkx4ZFlpQmw0MmsyY00xSHdrVmJOVWFYRWVLOFRoYTI4eG54WTExajB6ODdjVTF0dWJxdV93eUpoVTJFY1EzUk5TSG1WZ2pvMXFFVjExNUtvV0drR21SSTZacTU3akNhZ09VaXR1TWVuNjlzaDhvN1pkU3gxQWhxZENZakgtOUt0NHgtWlFfbkt4eDMxRnlEY1I1V2ZSa0I1SDNQdDRwZzh1d1owcHBDbkRj?oc=5,2026-01-29
Roxborough Development Corporation,232705347,"Spotlight On: Jacqueline Cusack, Executive Director, Roxborough Development Corporation - caa - Capital Analytics Associates",Capital Analytics Associates,https://news.google.com/rss/articles/CBMiwgFBVV95cUxQd2JVd3FjSzhjWGJnOTc5WTFnZVFCR2FlWFdmQk5CQzNOTWdjZlRjUzB0M216Q0R3ZDVuSW9fcDIwdlNOU0diTUozQTNsdENCX3pTTmRIeXZzZmticVU0a2ZMbmJTVURTSFJFOUVfTGozNVVoMGpOeUtiblB1RWJVc2YtM1hiMlN0UzE3Q0phTm1uVUs0WDVTYlUwSnJGT2pzLVlocmpYYkl0Q1I5OHozd3hrWUJZSkE5Snc3emw0SFdPdw?oc=5,2026-01-19
Sports Complex Special Services District,232822048,The $30 million fix for South Philly's game-day gridlock - Axios,Axios,https://news.google.com/rss/articles/CBMiqgFBVV95cUxOV0xLT3F3MVN1WEdEdnFJMi1lbWpGbXY4T0h0QnZGYndSbmpuNl9XTUcwRXdzVFVaSzFkY1lMUFZEUERvNlI2VXM1T1VvUVEweFFId1djbHNQVVpYaV9kVnhfZVNzOU85cGd6MS12XzFQQ0U0SUNJbWF0TjR6Yk9SUFpfTVJOREJpUTdCV04yQ0haQmNfUXl0c0lGUkd6ckNqUXFDcGxlNjNkQQ?oc=5,2026-05-28
Sports Complex Special Services District,232822048,MEDIA ADVISORY: TOMORROW IN PHILADELPHIA – Governor Shapiro to Announce Significant New Investment in Lower South Philadelphia - Forth.News,Forth.News,https://news.google.com/rss/articles/CBMiZ0FVX3lxTE9lbktBZ0ZXV0xvVmg4ZnEta2toaGI3aHNIX0o5QUNMczRUNEMzeDZCRDRkZ0VRVC16QTh1OTR2Q2J5emRJckY2UzB5ZVV4Vm5LbC1TUkkwSXZrVVp0cXY0bjJReVpwMXM?oc=5,2026-05-27
Sports Complex Special Services District,232822048,"Philadelphia 76ers, Comcast Spectacor Hire Architects to Design New South Philly Stadium - PHILADELPHIA.Today",PHILADELPHIA.Today,https://news.google.com/rss/articles/CBMidkFVX3lxTFBJUVg0RjI3YU5uZTdGTGtBM3dOaHY5TlNFcTFUQlRURURqY01Ya3M2b18tV2JBT3hGeUZ6WlM0djhkRHJHLWYxVDJhaXJjSnVxdy1jNFJhMjBRV3pvNi1kbDlLam9aNk9fTUdKUWNvREZCcGtfT2c?oc=5,2025-06-16
Sports Complex Special Services District,232822048,"Eagles, Phillies, Comcast Spectacor critique Hines mega-development proposal for the stadium district - Inquirer.com",Inquirer.com,https://news.google.com/rss/articles/CBMipgFBVV95cUxPMUt2dksxOEppM2JzZmdwdy03VlpMWnhSdXJrM1F4X0FKcVZ2ZWd6WlZveTFCR0FPUG5uY0FnMF9laXlMM0JMcFN0X1RUVnEwTTNOdV9rWm5CeFJxT3ZOblMzbnBxSThUZEFwNzNicUUzOU9OMWdud05IREdiZVpsdnI3eGRBSWQxb3pnc1E3VXIwdE9fWUllRUgwdndYYU9uOVh4VGln?oc=5,2024-12-04
Sports Complex Special Services District,232822048,Squilla pushing for a special services district to surround Sixers arena - WHYY,WHYY,https://news.google.com/rss/articles/CBMifkFVX3lxTE5aN2VyQXB1ZU1ZeDVIcFJwVHNXWENYTks1OVd3N3ljT0VNeTE1elRycmVaSElaZVZPWGVRWlNIQ0c4YzhOSWt3UGRzVTRRRUNBcUZBalhnTkc2aG16UW1sZGh0bDFNd19jTlkyZ3daZExndXR6Q0NqNG1fWFpPZw?oc=5,2024-10-22
Sports Complex Special Services District,232822048,Comcast Spectacor development plan could transform South Philadelphia Sports Complex by 2028 - The Business Journals,The Business Journals,https://news.google.com/rss/articles/CBMisAFBVV95cUxQRGV1N1V0VVBDVDlZdGZxSVVBMlRMZDYzcktkUGI1QnRnUXluaThqWEcxTGVRRU8tcDJqazRFaGNsMEZqTWlHd1k5cElHU3pjMzVkSm9EaDhUd1BRbWZ4Y1d0ZTEtRDN6bjEyTFNLWmNwVkJkZTZSTndhZk13eHhBLVF3WWlsRXVpYVkxODNFdWdBYXB3SWhYeTQxODc1elZjTGxhajFsQlo2TVNsNTVXdw?oc=5,2024-02-27
University City District,232913784,University City District’s 2026 State of University City Report - UPenn Almanac,UPenn Almanac,https://news.google.com/rss/articles/CBMingFBVV95cUxPZlYzWl9uTzFDUXBsRWIwUS1QbG9HR2tBRnRwOVR4MWRWZnZQRFpLZWxGODc2Q0tYcFZKZTJrZlBna2hOMXFqVGxORDJNMTlFT3VFUVZvbVRSODlueEZnOFRIcDJtUjE2MGo1M2N2aURGT1hsOEx1SWZvcUx6SE9kcDQ0dVNtQmtqMFpjZ3VqeUVFejFtSXRObGI2dkVRQQ?oc=5,2026-06-16
University City District,232913784,University City holds 11% of Philly jobs. Can it continue to thrive as higher ed faces a national crisis? - Inquirer.com,Inquirer.com,https://news.google.com/rss/articles/CBMimgFBVV95cUxQS0JvNDBpUWJ1RFp3QzFNRnpKTmkwQWhuaVp1ZTRKaXpxZk1QdUFqbjVIckw0ZEVzR2dpVkVVNXRaM2RHN09DekZRQU0tMnRJWTlzVG5LVkhzd1pJS1MwQzU5TU9Jc0owVk1abDVWdU9zQkpkQUhKdGdMU1NZNm5iclFBZWpNZ01MZFJ1ZVJTcjd5ZGFmakdXbGpB?oc=5,2026-05-26
University City District,232913784,UCD releases ‘The State of University City 2026’ report amid leadership transition - West Philly Local,West Philly Local,https://news.google.com/rss/articles/CBMiwgFBVV95cUxQX3l1bkZ2MWRiYWJqQVNScm4zQ3lVdWJ1X084QkR1WUVySUh3aUwwU010Ny1DZEp2S0lHT2pKOUdBb09hS25tLWp2aUxRdnBzS3FOSzNJMTdSemhWeE9laGVUZHp5S1JyTmdyY185TXk0dGVpcGY5ZUFMV2hURmtaQWs1czlyVzFzWlU4RlJobzI0TVNIbGE2UzI0TzZvZWhXSzRHTjluMHB1QWtxOTdSdU5FSmJyUEQ5aUtjNXRNXzZvUQ?oc=5,2026-05-22
University City District,232913784,University City District Unveils $60M Project Proposal to Build Bi-level Water Park on the Schuylkill - PHILADELPHIA.Today,PHILADELPHIA.Today,https://news.google.com/rss/articles/CBMikwFBVV95cUxQX0cycHFpaTZYS1gxMGRrdHJYbURJS1FGcDl3OVB3bDVwbEU2d2FtUE5yV214cFhuQkM0WDdndUVNSTdHeE4taEoyUGVWdHZuLURreV9ZOWlPQzZwUTlrTGc1LW04bHVha0FvLXlqVnZmc0V3S1hiUkh1VWhFdHNYUVd5dG12Mi1LYUJjTlBYM0VpaXM?oc=5,2026-03-31
University City District,232913784,"After 16 years at University City District, Matt Bergheiser is launching a worker-ownership energy venture - Technical.ly",Technical.ly,https://news.google.com/rss/articles/CBMimwFBVV95cUxPTkI2aEdxY2ktb2JNaDZDOG12QTM5YnpoY1d4SThzYmhXT0dUcmUzZG11c3pEODhtTmJYejM0WklCdlhmMW1ZUVZyLTlLLWpieGtoQXN2bmJ4cTZaZ2lIc1ozTUZVc3hoY2RIVlZPQXU5WGprVnpONUgwcm1HbXZEbzU0Q2Jlc0Q3eDZyQ2ZaMDY0Vmc5eXhWclpaSQ?oc=5,2026-03-12
University City District,232913784,"University City District President Matt Bergheiser steps down, interim named - The Business Journals",The Business Journals,https://news.google.com/rss/articles/CBMipwFBVV95cUxPQ3dfZ2J6YlU0eVZjQnJJUGUzY29ZOE1KaFV5aDFVR3l5MWx2TjFfOTVvQlM5TXV1Q3Nyb0tPMWt2VzlBLUpXN2V0Qlp3OUpVR2U4eXAwRU45Zm0wWFp0QVEzMGFNX0V6QThDWmdQQ21JQlNZWU1OUjN4MWZBMVY1REpjaVM5RzhlcXp3b25aVWVzX2pKcTViaVVvWFhQMUIxX01VaENwZw?oc=5,2026-02-20
